$MeshFormat
4.1 0 8
$EndMeshFormat
$Entities
156 156 1 0
0 125 34 -60 0 
1 140.0271725851537 34 -60 0 
2 140.0271725851537 35.75985381509473 -60 0 
3 140.0272805181864 35.77938689586448 -60 0 
4 140.021474393531 35.94062623539983 -60 0 
5 140.0215089903181 35.94112171507607 -60 0 
6 140.0447832556074 36.07765889407062 -60 0 
7 140.0463299732565 36.08244682164164 -60 0 
8 140.074198156682 36.14831105990783 -60 0 
9 140.1135862335654 36.24034777004383 -60 0 
10 140.1176806282723 36.24900523560209 -60 0 
11 140.1905490196079 36.35554901960784 -60 0 
12 140.1984397222807 36.36724784346728 -60 0 
13 140.1989964015387 36.36799317533193 -60 0 
14 140.2045219421102 36.3753949579832 -60 0 
15 140.3076840291076 36.5104435082344 -60 0 
16 140.3149770485202 36.52437527682706 -60 0 
17 140.356158437014 36.66247239502333 -60 0 
18 140.3612102272727 36.68428068181818 -60 0 
19 140.3935142045455 36.71467755681818 -60 0 
20 140.4551806103384 36.77845090305169 -60 0 
21 140.4702947275535 36.79133421575116 -60 0 
22 140.5213333333333 36.85 -60 0 
23 140.5611100664985 36.89712244897959 -60 0 
24 140.609963455755 36.94951325981956 -60 0 
25 140.6748853016143 37.03926168224299 -60 0 
26 140.7135493339354 37.08639647776022 -60 0 
27 140.7282091441527 37.11128811638012 -60 0 
28 140.7694192083063 37.17418883841661 -60 0 
29 140.8004053227287 37.22079504435607 -60 0 
30 140.811 37.23875 -60 0 
31 140.8520199846272 37.32166564181399 -60 0 
32 140.8634295954941 37.34477163338454 -60 0 
33 140.8852111403839 37.40095558901017 -60 0 
34 140.9087109339408 37.459 -60 0 
35 140.9203982375157 37.48134326479228 -60 0 
36 140.9821327539706 37.59662121666167 -60 0 
37 140.9902001359157 37.61624396873938 -60 0 
38 141.0176346666667 37.68178133333333 -60 0 
39 141.0369184402672 37.72717446015224 -60 0 
40 141.041099923136 37.73611491160646 -60 0 
41 141.0670353581142 37.79455303717135 -60 0 
42 141.0906379498364 37.84601926572156 -60 0 
43 141.0942830188679 37.85700332963374 -60 0 
44 141.1333629102708 37.96798702109073 -60 0 
45 141.1615341979689 38.03541184387618 -60 0 
46 141.1949367800696 38.11817331904634 -60 0 
47 141.2153772689193 38.16962021781625 -60 0 
48 141.2623032739805 38.28691269385411 -60 0 
49 141.265134319348 38.29342398631653 -60 0 
50 141.2657967511371 38.29586913580247 -60 0 
51 141.267887030609 38.30427485011045 -60 0 
52 141.3097292035398 38.45483300364394 -60 0 
53 141.3226704182298 38.50899305266083 -60 0 
54 141.3552889443547 38.61512039348113 -60 0 
55 141.3814356264412 38.69460472713298 -60 0 
56 141.4003637529138 38.75323752913753 -60 0 
57 141.4232208544533 38.86935336712527 -60 0 
58 141.4248989968869 38.87728536838465 -60 0 
59 141.427881294964 38.8815404676259 -60 0 
60 141.4879207342512 38.98138423028786 -60 0 
61 141.5064176214584 39.05635447197798 -60 0 
62 141.4976847383265 39.15666906925728 -60 0 
63 141.4994713978495 39.16894121863799 -60 0 
64 141.5141157403168 39.27610978848091 -60 0 
65 141.5166051701692 39.34881216291613 -60 0 
66 141.5254152167502 39.44991516760051 -60 0 
67 141.536305027933 39.50962458100559 -60 0 
68 141.5594686614731 39.60736242917847 -60 0 
69 141.5849303852889 39.68804290718039 -60 0 
70 141.6070530476389 39.75226440607447 -60 0 
71 141.6351798220921 39.84804560297264 -60 0 
72 141.6464582190335 39.89798997678835 -60 0 
73 141.6873220022949 40.0158628800918 -60 0 
74 141.6931560780834 40.02644605146406 -60 0 
75 141.7104165162455 40.06595261732852 -60 0 
76 141.7638816229117 40.18079761336516 -60 0 
77 141.7700712320692 40.19938504617803 -60 0 
78 141.7756540880503 40.22767385444744 -60 0 
79 141.797182560681 40.32353169216611 -60 0 
80 141.7845425971878 40.42263606286187 -60 0 
81 141.7809625023554 40.45048822310157 -60 0 
82 141.7794515498464 40.47163445964814 -60 0 
83 141.7986595744681 40.59491489361702 -60 0 
84 141.8112423980089 40.66383973595931 -60 0 
85 141.8249397134361 40.78457718302244 -60 0 
86 141.8294593730666 40.83403361517839 -60 0 
87 141.8375467821362 40.88906181015452 -60 0 
88 141.8539797687861 40.96701782273603 -60 0 
89 141.8725419299744 41.04275388556789 -60 0 
90 141.8768828527292 41.06196871781668 -60 0 
91 141.8925172808423 41.1640985351339 -60 0 
92 141.8980204144282 41.19580997697621 -60 0 
93 141.9278379701493 41.28186173134328 -60 0 
94 141.9572009932044 41.34468034500784 -60 0 
95 141.9572009932044 41.34468034500784 -60 0 
96 141.9883535309503 41.41282323452484 -60 0 
97 142.0008373134328 41.50457452736318 -60 0 
98 142.0015032644761 41.58016557850797 -60 0 
99 142.0258532490618 41.66930416748963 -60 0 
100 142.0305801427644 41.68288741077222 -60 0 
101 142.0463020304568 41.71020685279188 -60 0 
102 142.0922572712225 41.78731922440294 -60 0 
103 142.1089279677053 41.8167112400656 -60 0 
104 142.1938087905662 41.91988480654907 -60 0 
105 142.2508247259577 41.97693999321957 -60 0 
106 142.3325324295898 42.04121608040201 -60 0 
107 142.3848038714881 42.07529815835461 -60 0 
108 142.4665715171558 42.1133732947499 -60 0 
109 142.5452486892868 42.15435404095361 -60 0 
110 142.6977264021888 42.22579480164159 -60 0 
111 142.7320144770177 42.24157582338039 -60 0 
112 142.7667125555726 42.25594419745516 -60 0 
113 142.9152820983126 42.31427586206897 -60 0 
114 143.0193188123631 42.35075054757849 -60 0 
115 143.0605722334004 42.36436700201207 -60 0 
116 143.1040864575363 42.37489135424637 -60 0 
117 143.2416877819549 42.40628872180451 -60 0 
118 143.3382771378236 42.42762894701179 -60 0 
119 143.4219593072673 42.44631502337441 -60 0 
120 143.5181299387281 42.47391358546376 -60 0 
121 143.5626827522512 42.48637243130917 -60 0 
122 143.6855861434703 42.51261496014715 -60 0 
123 143.7077914973739 42.51711663858885 -60 0 
124 143.7136635718891 42.51876170212766 -60 0 
125 143.875 42.56668606817933 -60 0 
126 143.9101735051113 42.57592564066658 -60 0 
127 144.0549868515078 42.60453551522081 -60 0 
128 144.0795838216827 42.60934983256593 -60 0 
129 144.2475930795848 42.65487935409458 -60 0 
130 144.2615184151186 42.65841758831741 -60 0 
131 144.4261027692308 42.69524369230769 -60 0 
132 144.4435389186556 42.69927004383828 -60 0 
133 144.4708537960955 42.70604642082429 -60 0 
134 144.5864138129496 42.73251501199041 -60 0 
135 144.6616813372182 42.75637555589633 -60 0 
136 144.7451474856564 42.78048295646304 -60 0 
137 144.9194587544832 42.83603814802739 -60 0 
138 144.9268447072509 42.8382811167119 -60 0 
139 144.9296004521051 42.83918395026844 -60 0 
140 145.0786279069767 42.8796511627907 -60 0 
141 145.17335185534 42.90598474288943 -60 0 
142 145.2299154983309 42.92109146399618 -60 0 
143 145.2834865761213 42.93922836386608 -60 0 
144 145.3896359597156 42.97506575829384 -60 0 
145 145.4860337381916 43.00615249662618 -60 0 
146 145.5456214925373 43.02511641791045 -60 0 
147 145.6840652173913 43.07621304347826 -60 0 
148 145.6971420528367 43.08112646167172 -60 0 
149 145.8427400519623 43.13732230274853 -60 0 
150 145.8708255659121 43.14702415826517 -60 0 
151 145.9712018170592 43.18292590632442 -60 0 
152 146.0791496153217 43.21710050744803 -60 0 
153 146.1290849906997 43.22915052224925 -60 0 
154 146.1290849906997 45.72915052224925 -60 0 
155 125 45.72915052224925 -60 0 
0 125 34 -60 140.0271725851537 34 -60 0 2 0 -1 
1 140.0271725851537 34 -60 140.0271725851537 35.75985381509473 -60 0 2 1 -2 
2 140.0271725851537 35.75985381509473 -60 140.0272805181864 35.77938689586448 -60 0 2 2 -3 
3 140.021474393531 35.77938689586448 -60 140.0272805181864 35.94062623539983 -60 0 2 3 -4 
4 140.021474393531 35.94062623539983 -60 140.0215089903181 35.94112171507607 -60 0 2 4 -5 
5 140.0215089903181 35.94112171507607 -60 140.0447832556074 36.07765889407062 -60 0 2 5 -6 
6 140.0447832556074 36.07765889407062 -60 140.0463299732565 36.08244682164164 -60 0 2 6 -7 
7 140.0463299732565 36.08244682164164 -60 140.074198156682 36.14831105990783 -60 0 2 7 -8 
8 140.074198156682 36.14831105990783 -60 140.1135862335654 36.24034777004383 -60 0 2 8 -9 
9 140.1135862335654 36.24034777004383 -60 140.1176806282723 36.24900523560209 -60 0 2 9 -10 
10 140.1176806282723 36.24900523560209 -60 140.1905490196079 36.35554901960784 -60 0 2 10 -11 
11 140.1905490196079 36.35554901960784 -60 140.1984397222807 36.36724784346728 -60 0 2 11 -12 
12 140.1984397222807 36.36724784346728 -60 140.1989964015387 36.36799317533193 -60 0 2 12 -13 
13 140.1989964015387 36.36799317533193 -60 140.2045219421102 36.3753949579832 -60 0 2 13 -14 
14 140.2045219421102 36.3753949579832 -60 140.3076840291076 36.5104435082344 -60 0 2 14 -15 
15 140.3076840291076 36.5104435082344 -60 140.3149770485202 36.52437527682706 -60 0 2 15 -16 
16 140.3149770485202 36.52437527682706 -60 140.356158437014 36.66247239502333 -60 0 2 16 -17 
17 140.356158437014 36.66247239502333 -60 140.3612102272727 36.68428068181818 -60 0 2 17 -18 
18 140.3612102272727 36.68428068181818 -60 140.3935142045455 36.71467755681818 -60 0 2 18 -19 
19 140.3935142045455 36.71467755681818 -60 140.4551806103384 36.77845090305169 -60 0 2 19 -20 
20 140.4551806103384 36.77845090305169 -60 140.4702947275535 36.79133421575116 -60 0 2 20 -21 
21 140.4702947275535 36.79133421575116 -60 140.5213333333333 36.85 -60 0 2 21 -22 
22 140.5213333333333 36.85 -60 140.5611100664985 36.89712244897959 -60 0 2 22 -23 
23 140.5611100664985 36.89712244897959 -60 140.609963455755 36.94951325981956 -60 0 2 23 -24 
24 140.609963455755 36.94951325981956 -60 140.6748853016143 37.03926168224299 -60 0 2 24 -25 
25 140.6748853016143 37.03926168224299 -60 140.7135493339354 37.08639647776022 -60 0 2 25 -26 
26 140.7135493339354 37.08639647776022 -60 140.7282091441527 37.11128811638012 -60 0 2 26 -27 
27 140.7282091441527 37.11128811638012 -60 140.7694192083063 37.17418883841661 -60 0 2 27 -28 
28 140.7694192083063 37.17418883841661 -60 140.8004053227287 37.22079504435607 -60 0 2 28 -29 
29 140.8004053227287 37.22079504435607 -60 140.811 37.23875 -60 0 2 29 -30 
30 140.811 37.23875 -60 140.8520199846272 37.32166564181399 -60 0 2 30 -31 
31 140.8520199846272 37.32166564181399 -60 140.8634295954941 37.34477163338454 -60 0 2 31 -32 
32 140.8634295954941 37.34477163338454 -60 140.8852111403839 37.40095558901017 -60 0 2 32 -33 
33 140.8852111403839 37.40095558901017 -60 140.9087109339408 37.459 -60 0 2 33 -34 
34 140.9087109339408 37.459 -60 140.9203982375157 37.48134326479228 -60 0 2 34 -35 
35 140.9203982375157 37.48134326479228 -60 140.9821327539706 37.59662121666167 -60 0 2 35 -36 
36 140.9821327539706 37.59662121666167 -60 140.9902001359157 37.61624396873938 -60 0 2 36 -37 
37 140.9902001359157 37.61624396873938 -60 141.0176346666667 37.68178133333333 -60 0 2 37 -38 
38 141.0176346666667 37.68178133333333 -60 141.0369184402672 37.72717446015224 -60 0 2 38 -39 
39 141.0369184402672 37.72717446015224 -60 141.041099923136 37.73611491160646 -60 0 2 39 -40 
40 141.041099923136 37.73611491160646 -60 141.0670353581142 37.79455303717135 -60 0 2 40 -41 
41 141.0670353581142 37.79455303717135 -60 141.0906379498364 37.84601926572156 -60 0 2 41 -42 
42 141.0906379498364 37.84601926572156 -60 141.0942830188679 37.85700332963374 -60 0 2 42 -43 
43 141.0942830188679 37.85700332963374 -60 141.1333629102708 37.96798702109073 -60 0 2 43 -44 
44 141.1333629102708 37.96798702109073 -60 141.1615341979689 38.03541184387618 -60 0 2 44 -45 
45 141.1615341979689 38.03541184387618 -60 141.1949367800696 38.11817331904634 -60 0 2 45 -46 
46 141.1949367800696 38.11817331904634 -60 141.2153772689193 38.16962021781625 -60 0 2 46 -47 
47 141.2153772689193 38.16962021781625 -60 141.2623032739805 38.28691269385411 -60 0 2 47 -48 
48 141.2623032739805 38.28691269385411 -60 141.265134319348 38.29342398631653 -60 0 2 48 -49 
49 141.265134319348 38.29342398631653 -60 141.2657967511371 38.29586913580247 -60 0 2 49 -50 
50 141.2657967511371 38.29586913580247 -60 141.267887030609 38.30427485011045 -60 0 2 50 -51 
51 141.267887030609 38.30427485011045 -60 141.3097292035398 38.45483300364394 -60 0 2 51 -52 
52 141.3097292035398 38.45483300364394 -60 141.3226704182298 38.50899305266083 -60 0 2 52 -53 
53 141.3226704182298 38.50899305266083 -60 141.3552889443547 38.61512039348113 -60 0 2 53 -54 
54 141.3552889443547 38.61512039348113 -60 141.3814356264412 38.69460472713298 -60 0 2 54 -55 
55 141.3814356264412 38.69460472713298 -60 141.4003637529138 38.75323752913753 -60 0 2 55 -56 
56 141.4003637529138 38.75323752913753 -60 141.4232208544533 38.86935336712527 -60 0 2 56 -57 
57 141.4232208544533 38.86935336712527 -60 141.4248989968869 38.87728536838465 -60 0 2 57 -58 
58 141.4248989968869 38.87728536838465 -60 141.427881294964 38.8815404676259 -60 0 2 58 -59 
59 141.427881294964 38.8815404676259 -60 141.4879207342512 38.98138423028786 -60 0 2 59 -60 
60 141.4879207342512 38.98138423028786 -60 141.5064176214584 39.05635447197798 -60 0 2 60 -61 
61 141.4976847383265 39.05635447197798 -60 141.5064176214584 39.15666906925728 -60 0 2 61 -62 
62 141.4976847383265 39.15666906925728 -60 141.4994713978495 39.16894121863799 -60 0 2 62 -63 
63 141.4994713978495 39.16894121863799 -60 141.5141157403168 39.27610978848091 -60 0 2 63 -64 
64 141.5141157403168 39.27610978848091 -60 141.5166051701692 39.34881216291613 -60 0 2 64 -65 
65 141.5166051701692 39.34881216291613 -60 141.5254152167502 39.44991516760051 -60 0 2 65 -66 
66 141.5254152167502 39.44991516760051 -60 141.536305027933 39.50962458100559 -60 0 2 66 -67 
67 141.536305027933 39.50962458100559 -60 141.5594686614731 39.60736242917847 -60 0 2 67 -68 
68 141.5594686614731 39.60736242917847 -60 141.5849303852889 39.68804290718039 -60 0 2 68 -69 
69 141.5849303852889 39.68804290718039 -60 141.6070530476389 39.75226440607447 -60 0 2 69 -70 
70 141.6070530476389 39.75226440607447 -60 141.6351798220921 39.84804560297264 -60 0 2 70 -71 
71 141.6351798220921 39.84804560297264 -60 141.6464582190335 39.89798997678835 -60 0 2 71 -72 
72 141.6464582190335 39.89798997678835 -60 141.6873220022949 40.0158628800918 -60 0 2 72 -73 
73 141.6873220022949 40.0158628800918 -60 141.6931560780834 40.02644605146406 -60 0 2 73 -74 
74 141.6931560780834 40.02644605146406 -60 141.7104165162455 40.06595261732852 -60 0 2 74 -75 
75 141.7104165162455 40.06595261732852 -60 141.7638816229117 40.18079761336516 -60 0 2 75 -76 
76 141.7638816229117 40.18079761336516 -60 141.7700712320692 40.19938504617803 -60 0 2 76 -77 
77 141.7700712320692 40.19938504617803 -60 141.7756540880503 40.22767385444744 -60 0 2 77 -78 
78 141.7756540880503 40.22767385444744 -60 141.797182560681 40.32353169216611 -60 0 2 78 -79 
79 141.7845425971878 40.32353169216611 -60 141.797182560681 40.42263606286187 -60 0 2 79 -80 
80 141.7809625023554 40.42263606286187 -60 141.7845425971878 40.45048822310157 -60 0 2 80 -81 
81 141.7794515498464 40.45048822310157 -60 141.7809625023554 40.47163445964814 -60 0 2 81 -82 
82 141.7794515498464 40.47163445964814 -60 141.7986595744681 40.59491489361702 -60 0 2 82 -83 
83 141.7986595744681 40.59491489361702 -60 141.8112423980089 40.66383973595931 -60 0 2 83 -84 
84 141.8112423980089 40.66383973595931 -60 141.8249397134361 40.78457718302244 -60 0 2 84 -85 
85 141.8249397134361 40.78457718302244 -60 141.8294593730666 40.83403361517839 -60 0 2 85 -86 
86 141.8294593730666 40.83403361517839 -60 141.8375467821362 40.88906181015452 -60 0 2 86 -87 
87 141.8375467821362 40.88906181015452 -60 141.8539797687861 40.96701782273603 -60 0 2 87 -88 
88 141.8539797687861 40.96701782273603 -60 141.8725419299744 41.04275388556789 -60 0 2 88 -89 
89 141.8725419299744 41.04275388556789 -60 141.8768828527292 41.06196871781668 -60 0 2 89 -90 
90 141.8768828527292 41.06196871781668 -60 141.8925172808423 41.1640985351339 -60 0 2 90 -91 
91 141.8925172808423 41.1640985351339 -60 141.8980204144282 41.19580997697621 -60 0 2 91 -92 
92 141.8980204144282 41.19580997697621 -60 141.9278379701493 41.28186173134328 -60 0 2 92 -93 
93 141.9278379701493 41.28186173134328 -60 141.9572009932044 41.34468034500784 -60 0 2 93 -94 
94 141.9572009932044 41.34468034500784 -60 141.9572009932044 41.34468034500784 -60 0 2 94 -95 
95 141.9572009932044 41.34468034500784 -60 141.9883535309503 41.41282323452484 -60 0 2 95 -96 
96 141.9883535309503 41.41282323452484 -60 142.0008373134328 41.50457452736318 -60 0 2 96 -97 
97 142.0008373134328 41.50457452736318 -60 142.0015032644761 41.58016557850797 -60 0 2 97 -98 
98 142.0015032644761 41.58016557850797 -60 142.0258532490618 41.66930416748963 -60 0 2 98 -99 
99 142.0258532490618 41.66930416748963 -60 142.0305801427644 41.68288741077222 -60 0 2 99 -100 
100 142.0305801427644 41.68288741077222 -60 142.0463020304568 41.71020685279188 -60 0 2 100 -101 
101 142.0463020304568 41.71020685279188 -60 142.0922572712225 41.78731922440294 -60 0 2 101 -102 
102 142.0922572712225 41.78731922440294 -60 142.1089279677053 41.8167112400656 -60 0 2 102 -103 
103 142.1089279677053 41.8167112400656 -60 142.1938087905662 41.91988480654907 -60 0 2 103 -104 
104 142.1938087905662 41.91988480654907 -60 142.2508247259577 41.97693999321957 -60 0 2 104 -105 
105 142.2508247259577 41.97693999321957 -60 142.3325324295898 42.04121608040201 -60 0 2 105 -106 
106 142.3325324295898 42.04121608040201 -60 142.3848038714881 42.07529815835461 -60 0 2 106 -107 
107 142.3848038714881 42.07529815835461 -60 142.4665715171558 42.1133732947499 -60 0 2 107 -108 
108 142.4665715171558 42.1133732947499 -60 142.5452486892868 42.15435404095361 -60 0 2 108 -109 
109 142.5452486892868 42.15435404095361 -60 142.6977264021888 42.22579480164159 -60 0 2 109 -110 
110 142.6977264021888 42.22579480164159 -60 142.7320144770177 42.24157582338039 -60 0 2 110 -111 
111 142.7320144770177 42.24157582338039 -60 142.7667125555726 42.25594419745516 -60 0 2 111 -112 
112 142.7667125555726 42.25594419745516 -60 142.9152820983126 42.31427586206897 -60 0 2 112 -113 
113 142.9152820983126 42.31427586206897 -60 143.0193188123631 42.35075054757849 -60 0 2 113 -114 
114 143.0193188123631 42.35075054757849 -60 143.0605722334004 42.36436700201207 -60 0 2 114 -115 
115 143.0605722334004 42.36436700201207 -60 143.1040864575363 42.37489135424637 -60 0 2 115 -116 
116 143.1040864575363 42.37489135424637 -60 143.2416877819549 42.40628872180451 -60 0 2 116 -117 
117 143.2416877819549 42.40628872180451 -60 143.3382771378236 42.42762894701179 -60 0 2 117 -118 
118 143.3382771378236 42.42762894701179 -60 143.4219593072673 42.44631502337441 -60 0 2 118 -119 
119 143.4219593072673 42.44631502337441 -60 143.5181299387281 42.47391358546376 -60 0 2 119 -120 
120 143.5181299387281 42.47391358546376 -60 143.5626827522512 42.48637243130917 -60 0 2 120 -121 
121 143.5626827522512 42.48637243130917 -60 143.6855861434703 42.51261496014715 -60 0 2 121 -122 
122 143.6855861434703 42.51261496014715 -60 143.7077914973739 42.51711663858885 -60 0 2 122 -123 
123 143.7077914973739 42.51711663858885 -60 143.7136635718891 42.51876170212766 -60 0 2 123 -124 
124 143.7136635718891 42.51876170212766 -60 143.875 42.56668606817933 -60 0 2 124 -125 
125 143.875 42.56668606817933 -60 143.9101735051113 42.57592564066658 -60 0 2 125 -126 
126 143.9101735051113 42.57592564066658 -60 144.0549868515078 42.60453551522081 -60 0 2 126 -127 
127 144.0549868515078 42.60453551522081 -60 144.0795838216827 42.60934983256593 -60 0 2 127 -128 
128 144.0795838216827 42.60934983256593 -60 144.2475930795848 42.65487935409458 -60 0 2 128 -129 
129 144.2475930795848 42.65487935409458 -60 144.2615184151186 42.65841758831741 -60 0 2 129 -130 
130 144.2615184151186 42.65841758831741 -60 144.4261027692308 42.69524369230769 -60 0 2 130 -131 
131 144.4261027692308 42.69524369230769 -60 144.4435389186556 42.69927004383828 -60 0 2 131 -132 
132 144.4435389186556 42.69927004383828 -60 144.4708537960955 42.70604642082429 -60 0 2 132 -133 
133 144.4708537960955 42.70604642082429 -60 144.5864138129496 42.73251501199041 -60 0 2 133 -134 
134 144.5864138129496 42.73251501199041 -60 144.6616813372182 42.75637555589633 -60 0 2 134 -135 
135 144.6616813372182 42.75637555589633 -60 144.7451474856564 42.78048295646304 -60 0 2 135 -136 
136 144.7451474856564 42.78048295646304 -60 144.9194587544832 42.83603814802739 -60 0 2 136 -137 
137 144.9194587544832 42.83603814802739 -60 144.9268447072509 42.8382811167119 -60 0 2 137 -138 
138 144.9268447072509 42.8382811167119 -60 144.9296004521051 42.83918395026844 -60 0 2 138 -139 
139 144.9296004521051 42.83918395026844 -60 145.0786279069767 42.8796511627907 -60 0 2 139 -140 
140 145.0786279069767 42.8796511627907 -60 145.17335185534 42.90598474288943 -60 0 2 140 -141 
141 145.17335185534 42.90598474288943 -60 145.2299154983309 42.92109146399618 -60 0 2 141 -142 
142 145.2299154983309 42.92109146399618 -60 145.2834865761213 42.93922836386608 -60 0 2 142 -143 
143 145.2834865761213 42.93922836386608 -60 145.3896359597156 42.97506575829384 -60 0 2 143 -144 
144 145.3896359597156 42.97506575829384 -60 145.4860337381916 43.00615249662618 -60 0 2 144 -145 
145 145.4860337381916 43.00615249662618 -60 145.5456214925373 43.02511641791045 -60 0 2 145 -146 
146 145.5456214925373 43.02511641791045 -60 145.6840652173913 43.07621304347826 -60 0 2 146 -147 
147 145.6840652173913 43.07621304347826 -60 145.6971420528367 43.08112646167172 -60 0 2 147 -148 
148 145.6971420528367 43.08112646167172 -60 145.8427400519623 43.13732230274853 -60 0 2 148 -149 
149 145.8427400519623 43.13732230274853 -60 145.8708255659121 43.14702415826517 -60 0 2 149 -150 
150 145.8708255659121 43.14702415826517 -60 145.9712018170592 43.18292590632442 -60 0 2 150 -151 
151 145.9712018170592 43.18292590632442 -60 146.0791496153217 43.21710050744803 -60 0 2 151 -152 
152 146.0791496153217 43.21710050744803 -60 146.1290849906997 43.22915052224925 -60 0 2 152 -153 
153 146.1290849906997 43.22915052224925 -60 146.1290849906997 45.72915052224925 -60 0 2 153 -154 
154 125 45.72915052224925 -60 146.1290849906997 45.72915052224925 -60 0 2 154 -155 
155 125 34 -60 125 45.72915052224925 -60 0 2 155 0 
1 125 34 -60 146.1290849906997 45.72915052224925 -60 0 156 0 1 2 3 4 5 6 7 8 9 10 11 12 13 14 15 16 17 18 19 20 21 22 23 24 25 26 27 28 29 30 31 32 33 34 35 36 37 38 39 40 41 42 43 44 45 46 47 48 49 50 51 52 53 54 55 56 57 58 59 60 61 62 63 64 65 66 67 68 69 70 71 72 73 74 75 76 77 78 79 80 81 82 83 84 85 86 87 88 89 90 91 92 93 94 95 96 97 98 99 100 101 102 103 104 105 106 107 108 109 110 111 112 113 114 115 116 117 118 119 120 121 122 123 124 125 126 127 128 129 130 131 132 133 134 135 136 137 138 139 140 141 142 143 144 145 146 147 148 149 150 151 152 153 154 155 
$EndEntities
$Nodes
313 2101 1 2101
0 0 0 1
1
125 34 -60
0 1 0 1
2
140.0271725851537 34 -60
0 2 0 1
3
140.0271725851537 35.75985381509473 -60
0 3 0 1
4
140.0272805181864 35.77938689586448 -60
0 4 0 1
5
140.021474393531 35.94062623539983 -60
0 5 0 1
6
140.0215089903181 35.94112171507607 -60
0 6 0 1
7
140.0447832556074 36.07765889407062 -60
0 7 0 1
8
140.0463299732565 36.08244682164164 -60
0 8 0 1
9
140.074198156682 36.14831105990783 -60
0 9 0 1
10
140.1135862335654 36.24034777004383 -60
0 10 0 1
11
140.1176806282723 36.24900523560209 -60
0 11 0 1
12
140.1905490196079 36.35554901960784 -60
0 12 0 1
13
140.1984397222807 36.36724784346728 -60
0 13 0 1
14
140.1989964015387 36.36799317533193 -60
0 14 0 1
15
140.2045219421102 36.3753949579832 -60
0 15 0 1
16
140.3076840291076 36.5104435082344 -60
0 16 0 1
17
140.3149770485202 36.52437527682706 -60
0 17 0 1
18
140.356158437014 36.66247239502333 -60
0 18 0 1
19
140.3612102272727 36.68428068181818 -60
0 19 0 1
20
140.3935142045455 36.71467755681818 -60
0 20 0 1
21
140.4551806103384 36.77845090305169 -60
0 21 0 1
22
140.4702947275535 36.79133421575116 -60
0 22 0 1
23
140.5213333333333 36.85 -60
0 23 0 1
24
140.5611100664985 36.89712244897959 -60
0 24 0 1
25
140.609963455755 36.94951325981956 -60
0 25 0 1
26
140.6748853016143 37.03926168224299 -60
0 26 0 1
27
140.7135493339354 37.08639647776022 -60
0 27 0 1
28
140.7282091441527 37.11128811638012 -60
0 28 0 1
29
140.7694192083063 37.17418883841661 -60
0 29 0 1
30
140.8004053227287 37.22079504435607 -60
0 30 0 1
31
140.811 37.23875 -60
0 31 0 1
32
140.8520199846272 37.32166564181399 -60
0 32 0 1
33
140.8634295954941 37.34477163338454 -60
0 33 0 1
34
140.8852111403839 37.40095558901017 -60
0 34 0 1
35
140.9087109339408 37.459 -60
0 35 0 1
36
140.9203982375157 37.48134326479228 -60
0 36 0 1
37
140.9821327539706 37.59662121666167 -60
0 37 0 1
38
140.9902001359157 37.61624396873938 -60
0 38 0 1
39
141.0176346666667 37.68178133333333 -60
0 39 0 1
40
141.0369184402672 37.72717446015224 -60
0 40 0 1
41
141.041099923136 37.73611491160646 -60
0 41 0 1
42
141.0670353581142 37.79455303717135 -60
0 42 0 1
43
141.0906379498364 37.84601926572156 -60
0 43 0 1
44
141.0942830188679 37.85700332963374 -60
0 44 0 1
45
141.1333629102708 37.96798702109073 -60
0 45 0 1
46
141.1615341979689 38.03541184387618 -60
0 46 0 1
47
141.1949367800696 38.11817331904634 -60
0 47 0 1
48
141.2153772689193 38.16962021781625 -60
0 48 0 1
49
141.2623032739805 38.28691269385411 -60
0 49 0 1
50
141.265134319348 38.29342398631653 -60
0 50 0 1
51
141.2657967511371 38.29586913580247 -60
0 51 0 1
52
141.267887030609 38.30427485011045 -60
0 52 0 1
53
141.3097292035398 38.45483300364394 -60
0 53 0 1
54
141.3226704182298 38.50899305266083 -60
0 54 0 1
55
141.3552889443547 38.61512039348113 -60
0 55 0 1
56
141.3814356264412 38.69460472713298 -60
0 56 0 1
57
141.4003637529138 38.75323752913753 -60
0 57 0 1
58
141.4232208544533 38.86935336712527 -60
0 58 0 1
59
141.4248989968869 38.87728536838465 -60
0 59 0 1
60
141.427881294964 38.8815404676259 -60
0 60 0 1
61
141.4879207342512 38.98138423028786 -60
0 61 0 1
62
141.5064176214584 39.05635447197798 -60
0 62 0 1
63
141.4976847383265 39.15666906925728 -60
0 63 0 1
64
141.4994713978495 39.16894121863799 -60
0 64 0 1
65
141.5141157403168 39.27610978848091 -60
0 65 0 1
66
141.5166051701692 39.34881216291613 -60
0 66 0 1
67
141.5254152167502 39.44991516760051 -60
0 67 0 1
68
141.536305027933 39.50962458100559 -60
0 68 0 1
69
141.5594686614731 39.60736242917847 -60
0 69 0 1
70
141.5849303852889 39.68804290718039 -60
0 70 0 1
71
141.6070530476389 39.75226440607447 -60
0 71 0 1
72
141.6351798220921 39.84804560297264 -60
0 72 0 1
73
141.6464582190335 39.89798997678835 -60
0 73 0 1
74
141.6873220022949 40.0158628800918 -60
0 74 0 1
75
141.6931560780834 40.02644605146406 -60
0 75 0 1
76
141.7104165162455 40.06595261732852 -60
0 76 0 1
77
141.7638816229117 40.18079761336516 -60
0 77 0 1
78
141.7700712320692 40.19938504617803 -60
0 78 0 1
79
141.7756540880503 40.22767385444744 -60
0 79 0 1
80
141.797182560681 40.32353169216611 -60
0 80 0 1
81
141.7845425971878 40.42263606286187 -60
0 81 0 1
82
141.7809625023554 40.45048822310157 -60
0 82 0 1
83
141.7794515498464 40.47163445964814 -60
0 83 0 1
84
141.7986595744681 40.59491489361702 -60
0 84 0 1
85
141.8112423980089 40.66383973595931 -60
0 85 0 1
86
141.8249397134361 40.78457718302244 -60
0 86 0 1
87
141.8294593730666 40.83403361517839 -60
0 87 0 1
88
141.8375467821362 40.88906181015452 -60
0 88 0 1
89
141.8539797687861 40.96701782273603 -60
0 89 0 1
90
141.8725419299744 41.04275388556789 -60
0 90 0 1
91
141.8768828527292 41.06196871781668 -60
0 91 0 1
92
141.8925172808423 41.1640985351339 -60
0 92 0 1
93
141.8980204144282 41.19580997697621 -60
0 93 0 1
94
141.9278379701493 41.28186173134328 -60
0 94 0 1
95
141.9572009932044 41.34468034500784 -60
0 95 0 1
96
141.9572009932044 41.34468034500784 -60
0 96 0 1
97
141.9883535309503 41.41282323452484 -60
0 97 0 1
98
142.0008373134328 41.50457452736318 -60
0 98 0 1
99
142.0015032644761 41.58016557850797 -60
0 99 0 1
100
142.0258532490618 41.66930416748963 -60
0 100 0 1
101
142.0305801427644 41.68288741077222 -60
0 101 0 1
102
142.0463020304568 41.71020685279188 -60
0 102 0 1
103
142.0922572712225 41.78731922440294 -60
0 103 0 1
104
142.1089279677053 41.8167112400656 -60
0 104 0 1
105
142.1938087905662 41.91988480654907 -60
0 105 0 1
106
142.2508247259577 41.97693999321957 -60
0 106 0 1
107
142.3325324295898 42.04121608040201 -60
0 107 0 1
108
142.3848038714881 42.07529815835461 -60
0 108 0 1
109
142.4665715171558 42.1133732947499 -60
0 109 0 1
110
142.5452486892868 42.15435404095361 -60
0 110 0 1
111
142.6977264021888 42.22579480164159 -60
0 111 0 1
112
142.7320144770177 42.24157582338039 -60
0 112 0 1
113
142.7667125555726 42.25594419745516 -60
0 113 0 1
114
142.9152820983126 42.31427586206897 -60
0 114 0 1
115
143.0193188123631 42.35075054757849 -60
0 115 0 1
116
143.0605722334004 42.36436700201207 -60
0 116 0 1
117
143.1040864575363 42.37489135424637 -60
0 117 0 1
118
143.2416877819549 42.40628872180451 -60
0 118 0 1
119
143.3382771378236 42.42762894701179 -60
0 119 0 1
120
143.4219593072673 42.44631502337441 -60
0 120 0 1
121
143.5181299387281 42.47391358546376 -60
0 121 0 1
122
143.5626827522512 42.48637243130917 -60
0 122 0 1
123
143.6855861434703 42.51261496014715 -60
0 123 0 1
124
143.7077914973739 42.51711663858885 -60
0 124 0 1
125
143.7136635718891 42.51876170212766 -60
0 125 0 1
126
143.875 42.56668606817933 -60
0 126 0 1
127
143.9101735051113 42.57592564066658 -60
0 127 0 1
128
144.0549868515078 42.60453551522081 -60
0 128 0 1
129
144.0795838216827 42.60934983256593 -60
0 129 0 1
130
144.2475930795848 42.65487935409458 -60
0 130 0 1
131
144.2615184151186 42.65841758831741 -60
0 131 0 1
132
144.4261027692308 42.69524369230769 -60
0 132 0 1
133
144.4435389186556 42.69927004383828 -60
0 133 0 1
134
144.4708537960955 42.70604642082429 -60
0 134 0 1
135
144.5864138129496 42.73251501199041 -60
0 135 0 1
136
144.6616813372182 42.75637555589633 -60
0 136 0 1
137
144.7451474856564 42.78048295646304 -60
0 137 0 1
138
144.9194587544832 42.83603814802739 -60
0 138 0 1
139
144.9268447072509 42.8382811167119 -60
0 139 0 1
140
144.9296004521051 42.83918395026844 -60
0 140 0 1
141
145.0786279069767 42.8796511627907 -60
0 141 0 1
142
145.17335185534 42.90598474288943 -60
0 142 0 1
143
145.2299154983309 42.92109146399618 -60
0 143 0 1
144
145.2834865761213 42.93922836386608 -60
0 144 0 1
145
145.3896359597156 42.97506575829384 -60
0 145 0 1
146
145.4860337381916 43.00615249662618 -60
0 146 0 1
147
145.5456214925373 43.02511641791045 -60
0 147 0 1
148
145.6840652173913 43.07621304347826 -60
0 148 0 1
149
145.6971420528367 43.08112646167172 -60
0 149 0 1
150
145.8427400519623 43.13732230274853 -60
0 150 0 1
151
145.8708255659121 43.14702415826517 -60
0 151 0 1
152
145.9712018170592 43.18292590632442 -60
0 152 0 1
153
146.0791496153217 43.21710050744803 -60
0 153 0 1
154
146.1290849906997 43.22915052224925 -60
0 154 0 1
155
146.1290849906997 45.72915052224925 -60
0 155 0 1
156
125 45.72915052224925 -60
1 0 0 20
157
158
159
160
161
162
163
164
165
166
167
168
169
170
171
172
173
174
175
176
125.715579646908 34 -60
126.4311592938188 34 -60
127.1467389407295 34 -60
127.8623185876392 34 -60
128.5778982345649 34 -60
129.2934778814701 34 -60
130.0090575283753 34 -60
130.7246371752805 34 -60
131.4402168221913 34 -60
132.1557964690965 34 -60
132.8713761160017 34 -60
133.5869557629188 34 -60
134.3025354098468 34 -60
135.0181150567673 34 -60
135.7336947036725 34 -60
136.4492743505778 34 -60
137.164853997494 34 -60
137.8804336444064 34 -60
138.5960132913111 34 -60
139.3115929382263 34 -60
1 1 0 2
177
178
140.0271725851537 34.58661793836399 -60
140.0271725851537 35.17323587672797 -60
1 2 0 0
1 3 0 0
1 4 0 0
1 5 0 0
1 6 0 0
1 7 0 0
1 8 0 0
1 9 0 0
1 10 0 0
1 11 0 0
1 12 0 0
1 13 0 0
1 14 0 0
1 15 0 0
1 16 0 0
1 17 0 0
1 18 0 0
1 19 0 0
1 20 0 0
1 21 0 0
1 22 0 0
1 23 0 0
1 24 0 0
1 25 0 0
1 26 0 0
1 27 0 0
1 28 0 0
1 29 0 0
1 30 0 0
1 31 0 0
1 32 0 0
1 33 0 0
1 34 0 0
1 35 0 0
1 36 0 0
1 37 0 0
1 38 0 0
1 39 0 0
1 40 0 0
1 41 0 0
1 42 0 0
1 43 0 0
1 44 0 0
1 45 0 0
1 46 0 0
1 47 0 0
1 48 0 0
1 49 0 0
1 50 0 0
1 51 0 0
1 52 0 0
1 53 0 0
1 54 0 0
1 55 0 0
1 56 0 0
1 57 0 0
1 58 0 0
1 59 0 0
1 60 0 0
1 61 0 0
1 62 0 0
1 63 0 0
1 64 0 0
1 65 0 0
1 66 0 0
1 67 0 0
1 68 0 0
1 69 0 0
1 70 0 0
1 71 0 0
1 72 0 0
1 73 0 0
1 74 0 0
1 75 0 0
1 76 0 0
1 77 0 0
1 78 0 0
1 79 0 0
1 80 0 0
1 81 0 0
1 82 0 0
1 83 0 0
1 84 0 0
1 85 0 0
1 86 0 0
1 87 0 0
1 88 0 0
1 89 0 0
1 90 0 0
1 91 0 0
1 92 0 0
1 93 0 0
1 94 0 0
1 95 0 0
1 96 0 0
1 97 0 0
1 98 0 0
1 99 0 0
1 100 0 0
1 101 0 0
1 102 0 0
1 103 0 0
1 104 0 0
1 105 0 0
1 106 0 0
1 107 0 0
1 108 0 0
1 109 0 0
1 110 0 0
1 111 0 0
1 112 0 0
1 113 0 0
1 114 0 0
1 115 0 0
1 116 0 0
1 117 0 0
1 118 0 0
1 119 0 0
1 120 0 0
1 121 0 0
1 122 0 0
1 123 0 0
1 124 0 0
1 125 0 0
1 126 0 0
1 127 0 0
1 128 0 0
1 129 0 0
1 130 0 0
1 131 0 0
1 132 0 0
1 133 0 0
1 134 0 0
1 135 0 0
1 136 0 0
1 137 0 0
1 138 0 0
1 139 0 0
1 140 0 0
1 141 0 0
1 142 0 0
1 143 0 0
1 144 0 0
1 145 0 0
1 146 0 0
1 147 0 0
1 148 0 0
1 149 0 0
1 150 0 0
1 151 0 0
1 152 0 0
1 153 0 3
179
180
181
146.1290849906997 43.85415052224925 -60
146.1290849906997 44.47915052224925 -60
146.1290849906997 45.10415052224925 -60
1 154 0 28
182
183
184
185
186
187
188
189
190
191
192
193
194
195
196
197
198
199
200
201
202
203
204
205
206
207
208
209
145.4004958530938 45.72915052224925 -60
144.6719067154878 45.72915052224925 -60
143.9433175778819 45.72915052224925 -60
143.2147284402685 45.72915052224925 -60
142.4861393026593 45.72915052224925 -60
141.757550165053 45.72915052224925 -60
141.0289610274576 45.72915052224925 -60
140.3003718898484 45.72915052224925 -60
139.5717827522392 45.72915052224925 -60
138.8431936146293 45.72915052224925 -60
138.1146044770233 45.72915052224925 -60
137.3860153394172 45.72915052224925 -60
136.6574262018004 45.72915052224925 -60
135.9288370641833 45.72915052224925 -60
135.2002479265774 45.72915052224925 -60
134.4716587889715 45.72915052224925 -60
133.7430696513544 45.72915052224925 -60
133.0144805137374 45.72915052224925 -60
132.2858913761204 45.72915052224925 -60
131.5573022385104 45.72915052224925 -60
130.8287131009012 45.72915052224925 -60
130.1001239632915 45.72915052224925 -60
129.3715348256744 45.72915052224925 -60
128.6429456880681 45.72915052224925 -60
127.9143565504515 45.72915052224925 -60
127.1857674128345 45.72915052224925 -60
126.4571782752211 45.72915052224925 -60
125.7285891376131 45.72915052224925 -60
1 155 0 15
210
211
212
213
214
215
216
217
218
219
220
221
222
223
224
125 44.99607861459514 -60
125 44.26300670696185 -60
125 43.52993479932855 -60
125 42.79686289169526 -60
125 42.06379098406197 -60
125 41.33071907642867 -60
125 40.59764716879538 -60
125 39.86457526116209 -60
125 39.13150335352879 -60
125 38.3984314458955 -60
125 37.66535953826221 -60
125 36.93228763062198 -60
125 36.19921572296649 -60
125 35.46614381531099 -60
125 34.73307190765549 -60
2 1 0 1877
225
226
227
228
229
230
231
232
233
234
235
236
237
238
239
240
241
242
243
244
245
246
247
248
249
250
251
252
253
254
255
256
257
258
259
260
261
262
263
264
265
266
267
268
269
270
271
272
273
274
275
276
277
278
279
280
281
282
283
284
285
286
287
288
289
290
291
292
293
294
295
296
297
298
299
300
301
302
303
304
305
306
307
308
309
310
311
312
313
314
315
316
317
318
319
320
321
322
323
324
325
326
327
328
329
330
331
332
333
334
335
336
337
338
339
340
341
342
343
344
345
346
347
348
349
350
351
352
353
354
355
356
357
358
359
360
361
362
363
364
365
366
367
368
369
370
371
372
373
374
375
376
377
378
379
380
381
382
383
384
385
386
387
388
389
390
391
392
393
394
395
396
397
398
399
400
401
402
403
404
405
406
407
408
409
410
411
412
413
414
415
416
417
418
419
420
421
422
423
424
425
426
427
428
429
430
431
432
433
434
435
436
437
438
439
440
441
442
443
444
445
446
447
448
449
450
451
452
453
454
455
456
457
458
459
460
461
462
463
464
465
466
467
468
469
470
471
472
473
474
475
476
477
478
479
480
481
482
483
484
485
486
487
488
489
490
491
492
493
494
495
496
497
498
499
500
501
502
503
504
505
506
507
508
509
510
511
512
513
514
515
516
517
518
519
520
521
522
523
524
525
526
527
528
529
530
531
532
533
534
535
536
537
538
539
540
541
542
543
544
545
546
547
548
549
550
551
552
553
554
555
556
557
558
559
560
561
562
563
564
565
566
567
568
569
570
571
572
573
574
575
576
577
578
579
580
581
582
583
584
585
586
587
588
589
590
591
592
593
594
595
596
597
598
599
600
601
602
603
604
605
606
607
608
609
610
611
612
613
614
615
616
617
618
619
620
621
622
623
624
625
626
627
628
629
630
631
632
633
634
635
636
637
638
639
640
641
642
643
644
645
646
647
648
649
650
651
652
653
654
655
656
657
658
659
660
661
662
663
664
665
666
667
668
669
670
671
672
673
674
675
676
677
678
679
680
681
682
683
684
685
686
687
688
689
690
691
692
693
694
695
696
697
698
699
700
701
702
703
704
705
706
707
708
709
710
711
712
713
714
715
716
717
718
719
720
721
722
723
724
725
726
727
728
729
730
731
732
733
734
735
736
737
738
739
740
741
742
743
744
745
746
747
748
749
750
751
752
753
754
755
756
757
758
759
760
761
762
763
764
765
766
767
768
769
770
771
772
773
774
775
776
777
778
779
780
781
782
783
784
785
786
787
788
789
790
791
792
793
794
795
796
797
798
799
800
801
802
803
804
805
806
807
808
809
810
811
812
813
814
815
816
817
818
819
820
821
822
823
824
825
826
827
828
829
830
831
832
833
834
835
836
837
838
839
840
841
842
843
844
845
846
847
848
849
850
851
852
853
854
855
856
857
858
859
860
861
862
863
864
865
866
867
868
869
870
871
872
873
874
875
876
877
878
879
880
881
882
883
884
885
886
887
888
889
890
891
892
893
894
895
896
897
898
899
900
901
902
903
904
905
906
907
908
909
910
911
912
913
914
915
916
917
918
919
920
921
922
923
924
925
926
927
928
929
930
931
932
933
934
935
936
937
938
939
940
941
942
943
944
945
946
947
948
949
950
951
952
953
954
955
956
957
958
959
960
961
962
963
964
965
966
967
968
969
970
971
972
973
974
975
976
977
978
979
980
981
982
983
984
985
986
987
988
989
990
991
992
993
994
995
996
997
998
999
1000
1001
1002
1003
1004
1005
1006
1007
1008
1009
1010
1011
1012
1013
1014
1015
1016
1017
1018
1019
1020
1021
1022
1023
1024
1025
1026
1027
1028
1029
1030
1031
1032
1033
1034
1035
1036
1037
1038
1039
1040
1041
1042
1043
1044
1045
1046
1047
1048
1049
1050
1051
1052
1053
1054
1055
1056
1057
1058
1059
1060
1061
1062
1063
1064
1065
1066
1067
1068
1069
1070
1071
1072
1073
1074
1075
1076
1077
1078
1079
1080
1081
1082
1083
1084
1085
1086
1087
1088
1089
1090
1091
1092
1093
1094
1095
1096
1097
1098
1099
1100
1101
1102
1103
1104
1105
1106
1107
1108
1109
1110
1111
1112
1113
1114
1115
1116
1117
1118
1119
1120
1121
1122
1123
1124
1125
1126
1127
1128
1129
1130
1131
1132
1133
1134
1135
1136
1137
1138
1139
1140
1141
1142
1143
1144
1145
1146
1147
1148
1149
1150
1151
1152
1153
1154
1155
1156
1157
1158
1159
1160
1161
1162
1163
1164
1165
1166
1167
1168
1169
1170
1171
1172
1173
1174
1175
1176
1177
1178
1179
1180
1181
1182
1183
1184
1185
1186
1187
1188
1189
1190
1191
1192
1193
1194
1195
1196
1197
1198
1199
1200
1201
1202
1203
1204
1205
1206
1207
1208
1209
1210
1211
1212
1213
1214
1215
1216
1217
1218
1219
1220
1221
1222
1223
1224
1225
1226
1227
1228
1229
1230
1231
1232
1233
1234
1235
1236
1237
1238
1239
1240
1241
1242
1243
1244
1245
1246
1247
1248
1249
1250
1251
1252
1253
1254
1255
1256
1257
1258
1259
1260
1261
1262
1263
1264
1265
1266
1267
1268
1269
1270
1271
1272
1273
1274
1275
1276
1277
1278
1279
1280
1281
1282
1283
1284
1285
1286
1287
1288
1289
1290
1291
1292
1293
1294
1295
1296
1297
1298
1299
1300
1301
1302
1303
1304
1305
1306
1307
1308
1309
1310
1311
1312
1313
1314
1315
1316
1317
1318
1319
1320
1321
1322
1323
1324
1325
1326
1327
1328
1329
1330
1331
1332
1333
1334
1335
1336
1337
1338
1339
1340
1341
1342
1343
1344
1345
1346
1347
1348
1349
1350
1351
1352
1353
1354
1355
1356
1357
1358
1359
1360
1361
1362
1363
1364
1365
1366
1367
1368
1369
1370
1371
1372
1373
1374
1375
1376
1377
1378
1379
1380
1381
1382
1383
1384
1385
1386
1387
1388
1389
1390
1391
1392
1393
1394
1395
1396
1397
1398
1399
1400
1401
1402
1403
1404
1405
1406
1407
1408
1409
1410
1411
1412
1413
1414
1415
1416
1417
1418
1419
1420
1421
1422
1423
1424
1425
1426
1427
1428
1429
1430
1431
1432
1433
1434
1435
1436
1437
1438
1439
1440
1441
1442
1443
1444
1445
1446
1447
1448
1449
1450
1451
1452
1453
1454
1455
1456
1457
1458
1459
1460
1461
1462
1463
1464
1465
1466
1467
1468
1469
1470
1471
1472
1473
1474
1475
1476
1477
1478
1479
1480
1481
1482
1483
1484
1485
1486
1487
1488
1489
1490
1491
1492
1493
1494
1495
1496
1497
1498
1499
1500
1501
1502
1503
1504
1505
1506
1507
1508
1509
1510
1511
1512
1513
1514
1515
1516
1517
1518
1519
1520
1521
1522
1523
1524
1525
1526
1527
1528
1529
1530
1531
1532
1533
1534
1535
1536
1537
1538
1539
1540
1541
1542
1543
1544
1545
1546
1547
1548
1549
1550
1551
1552
1553
1554
1555
1556
1557
1558
1559
1560
1561
1562
1563
1564
1565
1566
1567
1568
1569
1570
1571
1572
1573
1574
1575
1576
1577
1578
1579
1580
1581
1582
1583
1584
1585
1586
1587
1588
1589
1590
1591
1592
1593
1594
1595
1596
1597
1598
1599
1600
1601
1602
1603
1604
1605
1606
1607
1608
1609
1610
1611
1612
1613
1614
1615
1616
1617
1618
1619
1620
1621
1622
1623
1624
1625
1626
1627
1628
1629
1630
1631
1632
1633
1634
1635
1636
1637
1638
1639
1640
1641
1642
1643
1644
1645
1646
1647
1648
1649
1650
1651
1652
1653
1654
1655
1656
1657
1658
1659
1660
1661
1662
1663
1664
1665
1666
1667
1668
1669
1670
1671
1672
1673
1674
1675
1676
1677
1678
1679
1680
1681
1682
1683
1684
1685
1686
1687
1688
1689
1690
1691
1692
1693
1694
1695
1696
1697
1698
1699
1700
1701
1702
1703
1704
1705
1706
1707
1708
1709
1710
1711
1712
1713
1714
1715
1716
1717
1718
1719
1720
1721
1722
1723
1724
1725
1726
1727
1728
1729
1730
1731
1732
1733
1734
1735
1736
1737
1738
1739
1740
1741
1742
1743
1744
1745
1746
1747
1748
1749
1750
1751
1752
1753
1754
1755
1756
1757
1758
1759
1760
1761
1762
1763
1764
1765
1766
1767
1768
1769
1770
1771
1772
1773
1774
1775
1776
1777
1778
1779
1780
1781
1782
1783
1784
1785
1786
1787
1788
1789
1790
1791
1792
1793
1794
1795
1796
1797
1798
1799
1800
1801
1802
1803
1804
1805
1806
1807
1808
1809
1810
1811
1812
1813
1814
1815
1816
1817
1818
1819
1820
1821
1822
1823
1824
1825
1826
1827
1828
1829
1830
1831
1832
1833
1834
1835
1836
1837
1838
1839
1840
1841
1842
1843
1844
1845
1846
1847
1848
1849
1850
1851
1852
1853
1854
1855
1856
1857
1858
1859
1860
1861
1862
1863
1864
1865
1866
1867
1868
1869
1870
1871
1872
1873
1874
1875
1876
1877
1878
1879
1880
1881
1882
1883
1884
1885
1886
1887
1888
1889
1890
1891
1892
1893
1894
1895
1896
1897
1898
1899
1900
1901
1902
1903
1904
1905
1906
1907
1908
1909
1910
1911
1912
1913
1914
1915
1916
1917
1918
1919
1920
1921
1922
1923
1924
1925
1926
1927
1928
1929
1930
1931
1932
1933
1934
1935
1936
1937
1938
1939
1940
1941
1942
1943
1944
1945
1946
1947
1948
1949
1950
1951
1952
1953
1954
1955
1956
1957
1958
1959
1960
1961
1962
1963
1964
1965
1966
1967
1968
1969
1970
1971
1972
1973
1974
1975
1976
1977
1978
1979
1980
1981
1982
1983
1984
1985
1986
1987
1988
1989
1990
1991
1992
1993
1994
1995
1996
1997
140.6985221567165 36.52591358768484 -40
142.2644567833283 40.86126513091147 -40
141.7772414862706 38.5768852969325 -40
142.4090235117658 41.38062592348121 -40
142.03933280408 39.87303404689673 -40
142.1223726222017 40.23110449175257 -40
141.036008405046 36.98550761296925 -40
141.3637107405131 37.43956362451071 -40
141.9307785597963 39.49989173895113 -40
141.895415023493 39.02636542572852 -40
141.5422676089766 37.93404393291099 -40
142.3469208872904 41.16343458345783 -40
136.4791368884735 44.80263406883865 -40
143.8776797411515 42.31742682792854 -40
144.2969095511387 42.40370138006895 -40
144.7176309361491 42.53118390116969 -40
145.1401307408904 42.60240511293627 -40
145.4524533775596 42.74115958118441 -40
142.1870567279019 40.57422300427442 -40
141.7069297077143 38.33796512113108 -40
136.2581077797865 34.59691297584975 -40
141.8897079524272 39.2657531170552 -40
131.217510091761 34.62223019468572 -40
133.4750662693889 44.81235487824937 -40
145.783455724154 42.83345463785167 -40
125.6147929714651 40.07243143856131 -40
141.4633454800388 37.69286069624576 -40
138.5954772094034 44.81765968265908 -40
140.8359313930028 36.7016910562532 -40
143.0212453060392 42.05856187505869 -40
142.7576735698404 41.95888924024329 -40
143.3239132810256 42.15076353553 -40
141.8201355286627 38.78640239028937 -40
143.5596445372207 42.23311829413895 -40
142.4627801530349 41.54022714542625 -40
130.5272147222817 44.78011462554732 -40
141.1869374609803 37.18866408320653 -40
134.1304549549089 34.63123866234822 -40
125.6161487755752 37.90657199544527 -40
142.3113518982724 40.99979497033765 -40
129.0437330796834 34.54517558444645 -40
146.0019859780533 42.87498600591587 -40
128.427596144395 44.80222789703348 -40
140.6053013377881 36.40599768439272 -40
140.8860658569059 44.78878624645114 -40
142.5004962629165 41.73575634245413 -40
141.958501933534 39.65562786838163 -40
144.1108147260662 42.35983829364153 -40
141.6372491867399 38.16724904594031 -40
142.0688066043699 40.00925483458599 -40
125.6998651199256 42.27132418289558 -40
142.2501732888929 44.88549323189626 -40
142.1505454498655 40.38994075399803 -40
144.477146173279 42.48712852144083 -40
138.5516895364303 34.59095584536905 -40
140.1718019329228 35.75850201507616 -40
140.4463663781337 36.22692883880779 -40
140.3385499438305 36.04101703850817 -40
140.9421757275566 36.82581634481864 -40
143.8233895969911 44.72616216398602 -40
141.4168216607452 37.56716028080501 -40
144.8986272811555 42.57900525032101 -40
134.9550101710476 44.79788423166301 -40
141.8514834310817 38.90468315835837 -40
132.0012868854934 44.81770333224932 -40
127.5546170047694 34.66144080767219 -40
132.6610504372003 34.63061540082678 -40
125.5329307512369 36.49990576799749 -40
141.7356354635685 38.46005294175868 -40
126.8264543796662 44.77311010664171 -40
141.5210767464637 37.81397054382351 -40
141.2988491164765 37.34203185072753 -40
140.5097175733915 36.29686578694341 -40
145.8318679233198 43.86138713574646 -40
142.2358237769176 40.67950163593446 -40
141.9182596319449 39.15482583046613 -40
142.4943490521202 41.65140078811815 -40
142.4038943033552 41.42435469738709 -40
142.3613935330207 41.39480225819001 -40
142.3554984897789 41.44937699464344 -40
142.3022996146138 41.41691525108256 -40
142.2967717524574 41.48290288803483 -40
142.2350356227853 41.44208159971344 -40
142.2222904184586 41.5211943587117 -40
142.2506609786608 41.3595159061331 -40
142.1654210585491 41.39301238533253 -40
142.1779680949708 41.30381811853123 -40
142.0900211906775 41.3384326031395 -40
142.1059268953813 41.24225159048526 -40
142.0107967687178 41.27810782674911 -40
142.0577492647136 41.448084436778 -40
142.306153493319 41.56187789004411 -40
142.2142913301083 41.60903125179738 -40
145.1787518606192 42.63489135331051 -40
145.1469185740052 42.65641207156056 -40
145.1926191406025 42.69344831790987 -40
145.1170888463642 42.71464202642954 -40
145.1775500190805 42.76889481234166 -40
145.099333227004 42.81650924880867 -40
140.2881063400226 35.89430519675258 -40
143.4734876258192 42.16904643907562 -40
141.1432738046846 37.08653000210037 -40
141.2746715950686 37.25232606424783 -40
140.9084497206651 36.72762869482918 -40
125.5824922087667 43.53328771343642 -40
146.1139609791629 42.94912506671346 -40
141.6364772020915 38.08626759626637 -40
141.9128199497847 39.42875706999489 -40
145.0215142353144 42.73538881223442 -40
140.5230467737669 36.34372911164792 -40
140.4774763554559 36.32630517630523 -40
141.9853054715972 39.7444208776906 -40
126.0942959301511 34.631792049845 -40
142.0876290764833 40.10266872289932 -40
142.1994224815165 41.20690114355727 -40
142.125037550093 41.14891018602984 -40
142.2078306232384 41.11540050891413 -40
142.1398701248105 41.05689343132815 -40
142.0523331078424 41.08710990954047 -40
142.0707227649838 40.99190002340059 -40
141.9794262205873 41.0230015439215 -40
141.9991693170774 40.92028777075723 -40
141.9000906814401 40.95402760652465 -40
141.9221323294517 40.84638367100922 -40
141.8181037818966 40.88181480400718 -40
141.8435216222186 40.77456203828945 -40
141.7325353865222 40.8054664697342 -40
141.7064332560012 40.92355021217401 -40
141.6126524718352 40.8403071733205 -40
141.6453295013839 40.71947468896466 -40
141.8704304677832 41.05667990691271 -40
141.9451272893417 40.74145723453067 -40
141.8710931351929 40.6717982186961 -40
141.9683905214836 40.64364437296484 -40
141.8974555889682 40.5751638025635 -40
141.9883393797117 40.54973437320587 -40
141.9210003483063 40.482031987569 -40
141.8300478622936 40.50697303973194 -40
141.8544343454242 40.41316318789184 -40
141.7590879627154 40.43772216989495 -40
141.7809062233 40.34406446530184 -40
141.683670901416 40.36712847600269 -40
141.7070685059243 40.26758682786804 -40
141.6037548600142 40.2922269920017 -40
141.6330770293806 40.18038648330613 -40
141.5187791117014 40.21102446750402 -40
141.5508044750563 40.09151119229249 -40
141.4298418363289 40.12251906575284 -40
141.4634941807927 40.00570547319732 -40
141.3301802798101 40.03178459853392 -40
141.3865657449952 39.89551143640417 -40
141.2251659145545 39.93273513195149 -40
141.1854692628389 40.10475079898601 -40
141.0615029458926 39.97316262196823 -40
141.2680672554605 39.78882760273852 -40
141.4068813576577 39.75001637207566 -40
141.307796166543 39.64967865552882 -40
141.4855302614632 40.33623152041188 -40
141.43944813042 39.61907911055954 -40
141.3491030893886 39.51886207986433 -40
141.2124237609072 39.54590180567165 -40
141.2550883933233 39.4094134177959 -40
141.1127403758669 39.43895167790159 -40
141.160340991827 39.29885675528935 -40
141.0101454949159 39.32892497911047 -40
141.0593036270423 39.18406607384377 -40
140.9022476301893 39.21315924551124 -40
140.9744808222683 39.04348869065281 -40
140.7935728025524 39.08422474466811 -40
140.8449180410887 38.91926592281465 -40
140.6655827909769 38.95633080539166 -40
140.7250197797767 38.78503694814231 -40
140.5341934433105 38.82032572065285 -40
140.4835031927498 39.00765490240966 -40
140.3206983796277 38.8566274967774 -40
140.261899078415 39.0769066221721 -40
140.0801699465721 38.89695897746761 -40
139.9978841690941 39.14327915814236 -40
139.8047599381918 38.95555871175136 -40
139.7154169817019 39.22085123411256 -40
139.5013114416031 39.00037070976821 -40
139.4036196147894 39.31743385388331 -40
139.1658716310328 39.04791909770693 -40
139.0600723590216 39.39244621945929 -40
138.8036852364637 39.12110929089073 -40
138.9379989345671 38.75256514352483 -40
138.5479682049206 38.83273546511223 -40
138.4120189200571 39.21157079425902 -40
138.7020017470853 38.45330893798775 -40
140.1701579686467 38.68473266995811 -40
138.1278692631766 38.90910562426763 -40
137.9761548461646 39.3097739029768 -40
137.6738910942969 38.9753775233767 -40
137.5199072433177 39.41728886147492 -40
137.1929938069879 39.06330893120211 -40
137.8440946445089 39.77570110448499 -40
137.0234749178949 39.53140755662395 -40
136.683642298852 39.13499734638226 -40
139.3114848787099 39.66017169232151 -40
136.5024015040377 39.64513565886795 -40
136.1383449309769 39.24835292070026 -40
135.9416066613838 39.74131985335274 -40
135.5930473573347 39.33595363626601 -40
135.3588457637782 39.85724151813344 -40
135.0098359044353 39.35799835541902 -40
134.7701672709819 40.01086284535558 -40
134.3647835076344 39.55942860000616 -40
134.1631456998022 40.12984920138293 -40
133.7196498422274 39.65360215290375 -40
133.5172518907214 40.22840898126087 -40
133.0671284270605 39.7739157719605 -40
136.2777174277873 40.20602082531349 -40
132.8423371090271 40.37384174044699 -40
132.4011895974845 39.8921545117199 -40
137.3278185793755 38.58371961846123 -40
132.1794002541971 40.5332663219267 -40
131.730499912588 40.02337656135671 -40
131.5118097811376 40.67356056283614 -40
131.0552018519288 40.15485515929053 -40
131.2793637050396 39.52745756612972 -40
130.5956203918653 39.64104525948873 -40
130.3739992739079 40.28951992498838 -40
135.8923533692744 38.85817107165488 -40
140.8968384318712 38.75321761593725 -40
140.7873328766057 38.61984287223374 -40
133.9826702540545 39.02952672145969 -40
129.9178616075902 39.76487561121517 -40
129.6900684955116 40.42230074183542 -40
130.1390966959388 39.11336479827825 -40
140.9644419728539 38.583461597355 -40
140.8517129049868 38.46632127685671 -40
141.0334761025884 38.71930431718778 -40
141.2039637360496 39.17646050817271 -40
134.6038880122036 40.54891323276042 -40
140.8439042344566 39.36688983617494 -40
140.9994828280415 38.42981763818538 -40
140.9051061243788 38.32413993290226 -40
129.4602071786242 39.23696386724994 -40
141.0617540776055 38.29488086827964 -40
140.954524520243 38.19655542623067 -40
140.8168011626707 38.21432910057586 -40
140.8648033004058 38.08711539079194 -40
140.7281300224681 38.10242862815205 -40
140.7805653469998 37.96764889444927 -40
140.6403080595448 37.9865862652295 -40
140.6922561937841 37.85000842031015 -40
140.5474693541405 37.87092242887619 -40
140.6010359227672 37.73122638518042 -40
140.4538324487313 37.75294767236259 -40
140.5082179075979 37.61131239727995 -40
140.3605558524009 37.63261167470519 -40
140.4322470089368 37.47375369457144 -40
140.2672856890023 37.51027279740417 -40
140.3237015650088 37.3680516316843 -40
140.1700197869264 37.39005388657682 -40
140.1065161262909 37.54036051690202 -40
139.9961096156521 37.40375386840613 -40
140.232647689983 37.24820758693485 -40
140.5827702093827 37.48513534029947 -40
140.3735979703747 37.22893773035612 -40
140.2917098454851 37.11911451290403 -40
140.7604465118427 37.7173901932521 -40
140.4227734766223 37.10623702934154 -40
140.3466568624507 37.00155018893517 -40
140.2180255109201 37.00894674561211 -40
140.2860914285181 36.87873628508233 -40
140.1405018204421 36.89905510384543 -40
141.1268799633868 38.39630939286033 -40
139.9269464752101 37.58441084853088 -40
139.8032097949389 37.42317832522847 -40
140.9271158020696 37.95872830326763 -40
129.68948194931 38.57711348730963 -40
140.1980362840028 36.77720552358709 -40
140.0575538916897 36.78750380574598 -40
140.1245487742392 36.6436674203889 -40
139.9654321338085 36.66503284470813 -40
132.6327947236409 40.94522852804306 -40
140.4126658521589 36.90273970507722 -40
141.3784808945182 39.38678514823707 -40
141.0903871710981 38.17403128647812 -40
129.0037454262407 38.70514159768016 -40
140.0229056491761 36.52068145832486 -40
139.8597166501181 36.5337528072004 -40
139.785330247016 36.71009929842737 -40
139.6433950758565 36.54577034674345 -40
139.5456348356975 36.75766894182735 -40
139.3912818926216 36.54739098873806 -40
139.2918800874002 36.79567668792293 -40
139.1130433763612 36.56071720197029 -40
139.2370093601035 36.28849615300501 -40
138.923202992267 36.29556495555821 -40
138.7724741759249 36.60439344303779 -40
138.5572341453519 36.30124338522471 -40
138.3782540826895 36.66147198382184 -40
138.1437114049108 36.30852654745983 -40
137.9414490539433 36.71200983424288 -40
129.246195125865 38.03038407039031 -40
129.9469182808645 37.9174116735388 -40
139.7183516176768 37.61438000889128 -40
139.9384704846821 36.37873795594415 -40
140.3940011277397 37.8975972049918 -40
141.5911284799364 39.97858330296801 -40
140.2232586808591 39.35644630275556 -40
128.7724725221765 39.35967758708084 -40
132.6298607553273 39.27707501451008 -40
130.1516830089614 40.94909936125623 -40
129.461792970317 41.08465905273286 -40
129.9283760979111 41.6157742564905 -40
129.234041182513 41.752562571002 -40
128.768752932142 41.21838681563663 -40
128.5379793951042 41.88908092398326 -40
128.5453348183538 38.16781814221211 -40
137.67897850128 36.31943819559563 -40
137.4574642765125 36.77000852082837 -40
128.7889077668019 37.49035664747778 -40
141.7436859836599 40.15657501741878 -40
139.8614352089913 37.78946691443181 -40
128.0716802309589 41.35223972292767 -40
139.6316092073516 37.82525240865566 -40
139.5020257237582 37.61742589884733 -40
140.6726177419318 38.22971443037255 -40
140.2598492917858 36.66089548812275 -40
137.1836792667423 36.33633617578183 -40
136.9328740529342 36.82395234226195 -40
136.6217158510604 36.33460807482194 -40
136.3663548120969 36.86914808936203 -40
136.0441322629009 36.37616849951406 -40
135.770147890165 36.92298086344456 -40
128.0798070667238 37.63185644484918 -40
127.8500319471317 38.29584693641412 -40
129.7001772899017 42.28684357669722 -40
130.3979701060632 42.1481422534788 -40
139.083505365884 35.99977073566595 -40
138.619071384889 36.95708190258627 -40
135.4269684346805 36.4060550845089 -40
135.1473623354521 36.97268230064756 -40
127.8395455110968 42.02561575270117 -40
128.2877469136368 36.98333635830578 -40
129.0391501345795 36.76991158694566 -40
139.4048501535285 36.00523551780486 -40
139.2431670872427 35.71794164324259 -40
134.7894369461286 36.4381279354333 -40
134.4998311088567 37.02846105954198 -40
134.1317962844938 36.4788858362554 -40
133.8349929196974 37.08196659769018 -40
133.4584817750062 36.51676561694174 -40
133.1575924057468 37.12799200515354 -40
132.7746000704279 36.55593456648749 -40
132.4708601890621 37.17479391978995 -40
132.0830900053113 36.59885517227094 -40
139.7878917054326 38.01316779690647 -40
141.8746103926497 40.31543219462336 -40
139.5331249945928 35.70976192892767 -40
128.3062212215687 42.56298917316968 -40
127.605727630668 42.70117388194831 -40
138.8985965932895 35.72558858577433 -40
139.5362189325604 38.05499939413155 -40
138.9494839466908 39.74619298201402 -40
139.2137897460562 40.02028565781521 -40
141.0124920948704 40.14372812470963 -40
140.8868820157837 40.01211984347487 -40
140.829502780877 40.18961504776153 -40
140.9732505964325 40.33132076101329 -40
140.7863504849085 40.40008491871709 -40
140.6232479763516 40.24236567252172 -40
140.5776082825905 40.47118066151943 -40
141.5811223412077 40.96954673926616 -40
140.7508244172163 40.6244591743547 -40
140.5274483346505 40.70600317877607 -40
140.7187374375507 40.87006239339918 -40
140.4761940146121 40.95594955049975 -40
140.6798351013507 41.12913255029633 -40
140.4237067473898 41.21820819139304 -40
140.6293258336117 41.39075850287858 -40
140.3488634305739 41.49970089763795 -40
140.6390346752556 41.68011335288994 -40
140.2962496530578 41.81286903787167 -40
140.0338801619515 41.58422044683756 -40
139.9618390070879 41.93894076532218 -40
139.6820910181791 41.6787909767694 -40
140.5621233967 42.01282036844672 -40
139.6006289434512 42.07905455474354 -40
139.2971032711377 41.8193584513469 -40
140.8800215566438 41.91989563275116 -40
140.8181566648881 42.22636819600736 -40
141.1168029555627 42.12868052302524 -40
141.062074744925 42.43654175802833 -40
140.7256734022724 42.57743096351103 -40
141.3474467251565 42.32332479091983 -40
139.1991558681381 42.22528049125812 -40
138.867758926694 41.94533712216813 -40
141.3052490954238 42.63452756056153 -40
141.6178311698519 42.47876265157904 -40
138.7603376689507 42.38529166996966 -40
138.3890744133728 42.0481634693251 -40
138.2839408828867 42.55145282901569 -40
137.8871418415446 42.18868853351434 -40
141.5529429010263 42.8335532986947 -40
141.8435015693241 42.70381216573557 -40
141.5189087096135 40.75066702890442 -40
139.5423965255863 42.5039081283452 -40
140.275940420347 40.77841682561088 -40
141.3915795734736 42.02733844462694 -40
137.795659894913 42.74591702216625 -40
137.3765703847654 42.38864331042285 -40
141.8908183568936 42.41649088912082 -40
142.1487559284011 42.58511726262419 -40
142.0904877006049 42.87882503623477 -40
142.3627551248406 42.77559194456661 -40
142.3253307978962 43.04500877234155 -40
142.5784859344414 42.93725033032657 -40
142.5673432390029 43.21865249926469 -40
142.8477078376897 43.06192338906376 -40
142.1290547132867 42.32743875670094 -40
141.9618901021009 42.18611225466534 -40
142.8379163982938 43.41861769282445 -40
143.1170117441354 43.267513085572 -40
143.1386849483753 42.96851904745862 -40
143.3644029710444 43.11596000238477 -40
142.0688323027064 43.20022810151632 -40
138.5666884955995 41.54345222422511 -40
140.4004846878969 40.31314439694263 -40
140.8784557585371 41.27694504089007 -40
142.6028872438493 42.65423999321184 -40
137.495738863109 41.81178810473234 -40
136.9509160352704 41.97750440784347 -40
136.8273919547151 42.57333137934478 -40
136.3828701473757 42.14272321313196 -40
136.2467197205185 42.73191312424619 -40
135.793316852931 42.30496617638633 -40
142.1654491760364 42.10367512380336 -40
142.3014913635479 42.22718241434594 -40
143.3672820268875 42.87438153041595 -40
143.5825689559067 42.99512216966718 -40
143.588267420058 43.25004545098149 -40
143.82689464293 43.07990132653003 -40
143.1955004864149 42.71820559753171 -40
143.8226185757049 43.3765542620706 -40
144.0819607200467 43.20084020710354 -40
144.0680030400211 43.51851075715667 -40
144.3145589864377 43.36936569775219 -40
144.324434019033 43.67871408604965 -40
144.5808565043833 43.51049264696548 -40
144.0321169573626 42.99549188274815 -40
138.8135320841784 40.10885014686455 -40
139.4007361477278 41.39593441063515 -40
138.6341241323057 42.96195999274214 -40
143.5773810526099 43.52965033618088 -40
141.9924825687037 41.99668040688593 -40
142.5218430893079 43.53884052988103 -40
141.2366849774577 42.96393713812915 -40
144.6061625941659 43.91990113228952 -40
142.3334173842167 42.06987789233643 -40
142.4422360232911 42.1547572598261 -40
135.6473212958319 42.91965833893251 -40
135.168138098779 42.4683099850641 -40
143.5737404567718 42.76208737894931 -40
140.4557167913824 40.0697269844326 -40
140.2251305494189 40.14383977254128 -40
144.5527032050871 43.23624133827946 -40
144.8530589098748 43.32031537527902 -40
127.37305563534 41.48765563901193 -40
127.6057213221365 40.81411157889988 -40
137.7436628585414 37.13141325498754 -40
142.8296451268913 43.78853516187912 -40
137.4409790507907 35.82075096398787 -40
139.387184561785 35.42772887056901 -40
139.9702457327804 36.93814175324604 -40
140.1053781467283 36.38743607570213 -40
140.0221143801868 36.22989091587055 -40
144.9917478525033 42.85611356031335 -40
145.0852351292123 42.96310685971378 -40
140.9190395765141 40.78142549853858 -40
127.6071349074813 37.09793114201305 -40
131.7784242942457 37.22300938448771 -40
131.385244413764 36.64365847809238 -40
141.531067068757 39.71341009625456 -40
141.5600736753493 39.59557506773322 -40
141.6380750090242 39.67875845959316 -40
141.6681153919288 39.57549770277435 -40
140.4986521188113 37.20471226816967 -40
140.5427329450391 37.09530682366425 -40
140.6115611827284 37.17788288403962 -40
140.6502260914825 37.08342780782949 -40
140.7119985294325 37.15667952101517 -40
140.7430315589419 37.06864490805373 -40
140.6900867664492 36.99942184814418 -40
140.8123706110013 37.13725151194479 -40
140.7757751914988 37.22545897420064 -40
140.8662274171572 37.2118917361171 -40
140.8347617972048 37.29208788998186 -40
140.9208136992012 37.27584894916745 -40
140.8926325904146 37.35831518576907 -40
140.9904667704871 37.33488866425748 -40
140.9525998832958 37.4228358805774 -40
141.0375824986631 37.40654025013207 -40
141.0090816632603 37.48870307668165 -40
141.0925528589445 37.47128361659698 -40
141.0660202957393 37.55324540535307 -40
141.1485953165947 37.53587260400208 -40
141.12278350096 37.61677608187994 -40
140.7809271045518 36.98409718797151 -40
140.7254823480893 36.92288022264114 -40
140.9494993819338 37.20089763186166 -40
141.205449127856 37.60058382050673 -40
141.1814919239395 37.68221071902303 -40
141.093913227487 37.69959630020576 -40
141.1550354354918 37.76488474298075 -40
141.2410014690958 37.74635702208965 -40
141.2163832107075 37.82832176852697 -40
141.300015121269 37.80878935243241 -40
141.2786691114476 37.89256664068789 -40
140.6487480887518 36.93006918447642 -40
140.6851802121155 36.86285387590041 -40
140.7540507647078 36.85567069702859 -40
140.7170771345789 36.79911285483329 -40
140.6490054076357 36.80390411354871 -40
140.6795184782769 36.7436228342634 -40
140.6165812422437 36.74525521654223 -40
140.6461596197898 36.68977591436162 -40
140.582850183049 36.68983060769803 -40
140.6177950434983 36.62843692434713 -40
140.5493703640318 36.63371390348946 -40
140.5767052812364 36.57584904651816 -40
140.5136450833609 36.5787917161548 -40
140.8678224389558 37.43886875452658 -40
141.1907037624689 37.91372864641613 -40
141.2548200399234 37.97751603238292 -40
141.3405888481582 37.95479087632829 -40
141.3193925914358 38.03719851970421 -40
141.0657516560112 39.58424414410997 -40
141.1186946071172 37.39378168018665 -40
135.0332660501068 43.10718106547114 -40
134.5357488891053 42.65888013847038 -40
130.1764536380203 42.81631566454718 -40
130.8545489011382 42.67684785848647 -40
140.7070264578493 36.69007827735993 -40
135.9409119046693 41.69863618632438 -40
140.5021090887147 36.70106002263501 -40
141.7338482696463 39.6479619995582 -40
141.7153031046605 39.7404646889156 -40
136.7025686106586 43.13764945413587 -40
136.7022355882788 37.34348270625467 -40
139.7018444269058 38.25590966761756 -40
141.6022695540701 39.49914738020685 -40
141.6952916555098 39.48177993068629 -40
141.6359265358071 39.41102499703862 -40
141.7188548035881 39.39937953796255 -40
141.66556067352 39.33022591011625 -40
139.1211196644022 40.37491184845167 -40
138.7206034907799 40.51247238254373 -40
134.8768810164539 37.56455949942175 -40
142.4533929226971 42.02459037249579 -40
142.3673665712821 41.94531469164274 -40
142.5654756989327 42.09366592198915 -40
142.5512104659958 42.21568866156091 -40
142.6601534146589 42.16725077408651 -40
142.6675907852841 41.92666415176442 -40
141.3999139538246 38.01254267664661 -40
141.3821277895286 38.09328393470446 -40
141.4577734277373 38.06954359086629 -40
141.4415531214306 38.14901588336893 -40
141.3623771111791 38.17322495464569 -40
141.4254110694805 38.23099860335481 -40
140.9796947039617 37.57103019853182 -40
137.0879122340215 41.42241180667001 -40
127.8152749859843 36.44737542666672 -40
135.0695661565301 35.85570495046769 -40
144.9037874946936 42.77382051789085 -40
141.3419601500735 38.25804695216888 -40
141.408567349229 38.31542122978277 -40
141.4882413250389 38.2849506172229 -40
141.4748599400327 38.36952263469551 -40
141.3934772277345 38.40183219525412 -40
141.4614800245656 38.45823472809376 -40
141.3757886640406 38.49221744819388 -40
141.4481993340414 38.55151271897166 -40
141.358162033709 38.5869975856718 -40
141.4346178850521 38.64726135033492 -40
141.5208168950999 38.61161712917763 -40
141.5088410408293 38.7043216370097 -40
141.4209656636249 38.74287180700295 -40
141.4982175582297 38.79989067521575 -40
141.4085782478895 38.84163556068028 -40
141.4898410869222 38.89778029529958 -40
141.57886139286 38.85939223349017 -40
141.5697920881117 38.95520550996491 -40
141.4826855439638 38.99452924992142 -40
141.5632548678961 39.04572232014759 -40
141.6443254635163 39.00800483286105 -40
141.5914830300594 38.66842996156723 -40
141.4767975318851 39.09251516670888 -40
141.6401473811181 39.09364289532142 -40
141.5382710416478 38.42070632770465 -40
141.7134826653614 39.05564433068749 -40
141.7115287625446 39.13239066568517 -40
141.6024316257383 38.58347860795026 -40
142.0374930719996 40.70531271658228 -40
134.3889259950079 43.27110899188961 -40
133.8860279797747 42.86050901681816 -40
134.0428485630366 42.19292182627154 -40
133.3827991417535 42.38721155997184 -40
133.2205564707389 43.05691565525351 -40
132.7151049738711 42.58163144252978 -40
140.5430172604979 36.52334300716232 -40
140.4733387170488 36.52438312612308 -40
142.653283575727 42.28260898099541 -40
142.7559037414718 42.22759151869371 -40
142.7608066858985 42.3555206097509 -40
142.8741495987177 42.27632524368077 -40
142.8904844231375 42.46314086790358 -40
143.0030914689572 42.35804366349273 -40
132.5751294210775 43.275013188762 -40
139.4775284593462 40.29314004627651 -40
141.6663001858423 40.47306618483486 -40
141.7995512375 39.71342853609536 -40
141.7813955392328 39.79767784091725 -40
144.8676973141875 42.90205597470138 -40
144.7555301565807 42.79720363413964 -40
140.5090614592293 36.47142424434529 -40
140.446885302597 36.47530288816326 -40
140.563581848983 36.80730858474497 -40
141.721226288483 38.97821838329784 -40
132.8596385864604 37.74355782974011 -40
141.3254555650899 38.78350484567654 -40
141.3112479763733 38.88494586746663 -40
141.7520951607687 39.32607233914486 -40
139.9515741283776 38.19555781852191 -40
137.6262112450088 41.26163186638237 -40
126.9062107409499 40.94915426988971 -40
127.1392669157726 40.2758912081708 -40
141.2283024666281 37.52268018462139 -40
139.8464598273952 36.2315567658142 -40
139.9612751379541 36.07212027524046 -40
140.7449558464096 37.31470441998469 -40
135.5142119871558 43.56542205063383 -40
141.77352343843 39.09074369568764 -40
141.7767408787488 39.17298726267961 -40
140.777027981896 36.79488873566169 -40
140.8146996745878 36.84653563091786 -40
139.5020463205297 37.02205436618996 -40
127.1374786741927 36.55796937311864 -40
141.7724431117501 39.46644782520811 -40
137.2266851479912 40.89273061356352 -40
128.0757722392256 43.24194742059851 -40
127.3711857365933 43.38036907331509 -40
141.3231201807029 37.7270021153284 -40
141.3704891772871 37.77844433656973 -40
141.2836607381062 37.58365044427624 -40
142.0096356545976 40.46312639057741 -40
144.0427033940659 43.84538554056612 -40
139.4235211972333 38.3276170762215 -40
139.229695607696 38.08107163205963 -40
140.2814507498701 39.88260649824985 -40
140.024691004904 39.95974092906658 -40
140.528882889028 39.82681073292689 -40
131.075255067799 42.00129682181296 -40
140.174923178028 36.2425047512417 -40
140.2451860725652 36.34767720145123 -40
140.4281750149637 36.59245984083685 -40
131.6967494076365 36.01362277314195 -40
131.034593164629 35.90434971145575 -40
130.6859727484155 36.66782396490098 -40
130.2886317469593 36.07421862059703 -40
142.0943653930704 40.89856346129542 -40
129.475940283953 42.93528478132157 -40
126.9101421336314 37.22675815894176 -40
141.8264321281394 39.63091212093472 -40
140.6003925314319 36.52584021492403 -40
142.4706554940491 41.90889420994679 -40
142.3935989708494 41.84744811797889 -40
142.2929282784819 41.86586242270573 -40
142.2972892492505 41.6593923359861 -40
141.645577155462 39.18228600787744 -40
141.4211747507676 37.93268095681344 -40
137.744805178949 40.74612861743611 -40
143.6410197925391 42.27217836723334 -40
143.5749453746029 42.32108643843231 -40
143.6591737367709 42.35994246607699 -40
143.4847226444013 42.28366540769186 -40
143.5061684502402 42.38835051943607 -40
143.4030804751908 42.35782865760743 -40
143.4338633794838 42.48038858551769 -40
143.316528359291 42.43526034607118 -40
143.7683455898319 42.24339545175305 -40
141.0584041717405 37.78931049723555 -40
126.8999692008674 42.83633207804475 -40
130.646256377494 43.35277928774342 -40
133.1126784113694 35.93002868434288 -40
142.2094082846853 41.70996878807812 -40
142.1129533767134 41.65121274987068 -40
142.5391076180614 42.34436031536409 -40
143.305058776173 42.33956218690282 -40
142.2972206648812 40.92096433734275 -40
141.6687078786922 38.63753542898606 -40
141.6562265211233 38.71425360178807 -40
141.7218005281713 38.69595956754392 -40
142.7515287795688 42.11943409321476 -40
142.9122294097702 42.01212786693077 -40
142.7951286493091 41.98222947646072 -40
139.3986972953746 40.63835650661903 -40
141.5789840647957 39.3435881933397 -40
139.1962204224351 37.06253516940968 -40
136.302636147918 35.80105427805346 -40
145.2862497642995 44.79255114813888 -40
141.8675243953972 39.77197725014165 -40
141.8414968619211 39.85309105656589 -40
141.7646814958756 39.87878510357677 -40
141.8288583256681 39.93238157469842 -40
141.9064672007927 39.90237035411375 -40
141.8925358474775 39.98170381760184 -40
141.9557096742816 39.9525985397157 -40
141.9607283637473 40.02857469951728 -40
141.885496086007 40.05955963430451 -40
141.9447765458608 40.10871022350539 -40
141.810287022516 42.05253530924271 -40
141.8501741261196 41.88651209279396 -40
141.5155209728844 38.1244297053232 -40
141.531878032153 38.04115547519251 -40
141.7108490189605 38.76306776819721 -40
140.684071308416 38.48742201157158 -40
136.6872991016616 41.02626841991811 -40
142.3058543815275 42.42553339525958 -40
142.226818556406 40.91298174084915 -40
142.2348841976925 40.74258057124587 -40
139.8883432501735 37.25401645689522 -40
141.1654133663871 38.00212969924759 -40
141.0105630819268 36.8985025052184 -40
140.6430821042083 36.45137457009568 -40
127.3765486868353 35.89418433676011 -40
128.1152612604479 35.79223726313423 -40
126.6924068553085 36.00930189174194 -40
141.2757874973043 38.20052000069329 -40
141.3902211888753 39.03921150250432 -40
139.762816230385 40.55902867368535 -40
133.5653092990804 41.72555052074834 -40
139.9038055012535 34.85654998316715 -40
142.9628668337841 42.81095906824822 -40
141.509484139839 43.19846534597415 -40
141.133683929719 43.34295688498836 -40
141.4689040220298 43.61747756735198 -40
141.0600657854301 43.7840605202006 -40
140.6991739227877 43.47625829167862 -40
141.4490683063183 44.06965397270969 -40
140.6184383619772 43.94780949924101 -40
140.2197319105466 43.61629001913178 -40
140.1161405114169 44.13659967569973 -40
139.7016488662258 43.77652477512954 -40
139.5292201955449 44.30162069244172 -40
139.2016558955278 43.86128204056592 -40
143.5509922837595 42.49796933403236 -40
141.6934725847838 41.06157683486685 -40
141.5531611129281 41.10774230034199 -40
141.667473332184 41.21364945742101 -40
141.5186245023726 41.26345041755982 -40
141.6427635630602 41.37164703908022 -40
141.4800932249427 41.42602403862209 -40
141.4400110149144 41.03726403547491 -40
141.6174407402409 41.53929807474609 -40
141.7919272071973 41.48936163818074 -40
141.3342820657761 41.30320812157169 -40
141.3036145377311 41.48225996276329 -40
141.1118439532639 37.93908930616196 -40
141.9392782153999 39.55819544154748 -40
141.8852545062239 39.53775318369195 -40
141.7552221800965 39.96129118834094 -40
145.5813136574832 42.80542562912621 -40
145.4496674644123 42.86943723053168 -40
145.5771847135443 42.95711464800995 -40
145.4242344174571 43.03064758077159 -40
145.5910662094789 43.127456863194 -40
145.3964393824548 43.23018186258537 -40
131.4267550885913 43.18221166191483 -40
127.8390436924003 40.14438960833132 -40
127.3728276522701 39.607550174774 -40
140.2908589470413 36.24365794702204 -40
143.4201013389263 42.17408645412764 -40
126.6949270409104 41.63009096934973 -40
126.227032230515 41.17753824964819 -40
140.3406843865627 43.15860085985458 -40
142.1762823492514 40.71246838848469 -40
142.5285253954552 41.78385475098194 -40
142.3710256039299 41.61406016953317 -40
141.2810530122924 38.52549960067688 -40
141.2604096451198 38.62650113110985 -40
138.365256204481 35.97497980483203 -40
142.1769341588602 40.78451706497928 -40
140.9996411388142 37.72436919881335 -40
137.3243817906027 40.39778009003126 -40
142.0681695837307 40.5274614833547 -40
145.694024036802 42.80127292901191 -40
141.8808024109992 43.88072818792868 -40
145.0965017557888 42.64801248937717 -40
140.8392493752632 36.79128878840189 -40
141.6751580211435 38.56964813488469 -40
142.0009592772065 39.79977204178752 -40
144.7971190869408 42.53703490403164 -40
144.7563359546605 42.60813863213974 -40
144.6557288428635 42.62598667333248 -40
140.9376558225545 39.8280397918862 -40
126.6941509715013 39.71921227130149 -40
126.9064035427675 39.06351272981918 -40
126.2399609315581 39.17939843794851 -40
143.003086413503 42.21720679357174 -40
143.1023423974096 42.28492561842616 -40
143.122909140819 42.40554797108644 -40
138.5337419566651 39.82793056111841 -40
140.2166373920002 36.45875938770784 -40
142.3773190379136 41.69954770461958 -40
141.797372442194 38.64864774274186 -40
141.6231133117405 38.51252513121016 -40
140.5791800702785 37.28533686854666 -40
145.6048022571612 43.34377279390782 -40
145.378615165923 43.47845512600143 -40
145.7763880253672 43.22046009015868 -40
141.1617628488991 41.85271236544562 -40
141.3896902127901 39.14535846214994 -40
141.4857311293344 39.19210429019038 -40
139.6146145379797 38.52099538045004 -40
142.0560108106931 39.94002470382271 -40
131.137851608671 43.84180646005876 -40
142.1135056842446 41.77117697563172 -40
141.5497578873148 40.62092207597302 -40
141.412809861117 40.64863454938308 -40
144.7263564794279 42.94896587484195 -40
144.6023619737209 42.86049297656451 -40
142.2200210255888 41.03738908978116 -40
142.2794211288989 41.08742469737142 -40
145.2416988153335 42.6598869606611 -40
133.0922371772133 43.7489376260235 -40
142.9047112749105 42.16567455130404 -40
126.701651982717 43.52475624710014 -40
141.3668574648717 40.80151390179457 -40
141.259333825739 40.69213554278488 -40
141.3006903968447 40.53339861149772 -40
141.2080768053583 40.85300434553459 -40
141.1426495202445 40.57022140296534 -40
140.569465885735 36.47912976836182 -40
143.1031108865012 42.18024761388899 -40
126.4850337791515 38.54190173151336 -40
139.6677600573433 40.92448626347213 -40
141.220877483086 38.82051689315821 -40
141.2071520760501 38.94175762523969 -40
140.3553670833437 36.33453507416905 -40
140.3140474531561 36.42928136631928 -40
130.4873276355033 35.50018060803406 -40
129.8795287306139 35.51016504339015 -40
142.7574091929 41.99878958233099 -40
142.7221870678107 41.98366118434284 -40
134.215931577596 41.56996262918862 -40
141.8819224935464 39.47573786643251 -40
141.8541613462858 39.41748642389007 -40
143.2377807871435 42.12054417213517 -40
143.2481980671865 42.18071034854679 -40
144.1763910969208 42.38935460872167 -40
144.1311828609612 42.4469840560155 -40
144.0414610238675 42.41979733617602 -40
144.0728403335576 42.5244371809407 -40
144.1834258200725 42.53987922625607 -40
143.9616495282641 42.48839596599635 -40
143.9971276717729 42.6113476415881 -40
143.869969727841 42.56907130037003 -40
143.8967260523789 42.71637312719265 -40
141.8726998194763 40.13940899126601 -40
141.9322745862565 40.18571138981974 -40
142.0006722748111 40.15981898715628 -40
141.9820685187514 40.23420084764863 -40
139.7598430905448 36.07228037597517 -40
139.8571737521135 35.9140735772169 -40
139.6701652574025 36.23156881187057 -40
140.0321405579553 35.91375633191532 -40
139.9466655670563 35.76052584192784 -40
139.7187112420189 35.43222864081233 -40
141.254165137315 38.28784883500398 -40
141.177505741997 38.56261824867238 -40
140.7248050080821 36.5586500428185 -40
140.7621121113068 36.60122494543148 -40
140.6804926136226 36.56418349028831 -40
142.3672841569466 41.33660123909893 -40
142.3351287506319 41.26896186110758 -40
144.0260010560542 42.73733067873545 -40
141.8882261988695 39.37434181127865 -40
140.1696838871198 40.38557662217912 -40
145.3238020273413 42.90624047902277 -40
142.1363925064303 40.33571684371889 -40
142.0909105214015 40.36626047083729 -40
142.367102664579 43.96321547383661 -40
142.8181163137981 44.25011768923387 -40
143.2117917227459 44.03557325524275 -40
141.5995121542835 38.03920498679162 -40
142.4049139252839 41.47968038304045 -40
139.3256195367904 43.40463680589208 -40
144.3480851637399 43.0834275427871 -40
141.2967322032104 37.50642373989404 -40
141.2578955271002 37.45642375626598 -40
142.5591318121032 41.97795934692468 -40
126.9386970377636 35.3022684139824 -40
142.1673017624113 40.45122600329385 -40
141.8999911584566 39.11589317981371 -40
141.8667655472618 39.13872961739058 -40
140.8708965035121 36.84021851947396 -40
140.8506783647319 36.89417669391383 -40
140.9046860232783 36.88934732880555 -40
140.8858676363131 36.94019247877176 -40
143.3376008563408 42.57235844030878 -40
141.0629683291427 38.02681503022772 -40
142.63365107069 42.03602036015497 -40
141.8127556522413 38.71258557518541 -40
140.2433383510667 36.13348995610056 -40
129.9681397429295 36.74580925240966 -40
140.3557623042186 39.61218111622465 -40
140.5898362151082 39.59032969538237 -40
142.0032026101134 41.69824133772163 -40
141.6627362308656 38.26305176204029 -40
141.6315955838531 41.91874747860152 -40
145.8879904650278 42.85793393235403 -40
140.4080148002193 36.1727836120841 -40
139.0877444060984 34.59572890118334 -40
138.8122883688515 35.05087168073183 -40
138.3300284475587 35.09742366778167 -40
137.9807872862633 34.73804938708347 -40
137.2401664264788 34.72287804839344 -40
141.5992497637285 44.90037862081032 -40
127.8321604206843 43.91555943680752 -40
128.5394292804305 43.72424536545341 -40
141.5076558006394 39.82736205347101 -40
126.1682110244291 42.99396777226062 -40
144.5693928101545 42.50715150664534 -40
144.5072862286071 42.58153175409174 -40
144.4073908888141 42.56114437388337 -40
144.4429347114713 42.66600297666776 -40
144.3331495416708 42.64508075166702 -40
144.3704759369236 42.76762305608884 -40
144.3009996417895 42.53177216857502 -40
141.40069456597 41.79191661239601 -40
141.4933322131744 37.75540589813258 -40
141.4650072181658 37.81192986721301 -40
141.5068148866871 37.87130713531559 -40
138.7942123465427 43.60857589768323 -40
145.8136240655514 42.93753165226715 -40
140.7399857598949 36.74273808117297 -40
140.7621390372007 36.69070777630653 -40
140.4976841963214 36.38425839796091 -40
140.4368519197492 36.37147506612312 -40
140.9606504413588 41.66800862808149 -40
140.3145046258054 36.75211732083257 -40
140.4550269798143 36.76742440779616 -40
142.4795149241435 41.59382643613343 -40
140.4859959673158 36.99065656853607 -40
140.5101026648183 36.89144683999533 -40
141.8714252438808 39.08387528358021 -40
131.7211952751445 43.76550987429279 -40
141.8799526713458 39.69838260254311 -40
139.0708736528624 38.40091177052952 -40
138.8410220086553 38.09704074364075 -40
138.4465727382881 38.14810987429391 -40
138.6354607712338 37.78915781979164 -40
138.2037922589973 37.81642154482343 -40
138.0313600283305 38.20769552648454 -40
137.6788653628183 37.88090126794799 -40
139.052223373891 37.77906258978029 -40
138.8354102458086 37.5274727814011 -40
138.4914241648626 37.3933873960774 -40
142.0319587820755 40.81204241200817 -40
140.951843747769 37.82698172235891 -40
139.6580389809873 37.24886221290085 -40
139.7705373612597 37.05939828453081 -40
140.9540915627667 36.93262989304556 -40
140.9223917507943 36.98718981165605 -40
140.9822627269876 36.98537728464449 -40
140.9570257949855 37.03700280572206 -40
140.8934646698429 37.04429010804817 -40
140.9335619697159 37.09392623016825 -40
140.9986464248125 37.08553378301583 -40
142.4849774739768 41.78901008761129 -40
140.1133004602753 36.12037421068487 -40
140.1789750103438 36.03299540680511 -40
142.7996509705986 42.03454559989589 -40
141.8246433691519 39.35388733569036 -40
140.6598168919295 37.60107236418776 -40
140.7903460981737 37.59851887160724 -40
140.7189604757055 37.49056703918952 -40
144.5504959987094 42.66228151329179 -40
144.2503548460355 42.73593121734699 -40
140.6791279357103 36.64198749621244 -40
144.5589893552961 44.83669472216626 -40
141.4691402796865 37.99244318753966 -40
141.3655079705728 37.8651529081257 -40
141.7532211983825 41.6524620064714 -40
137.7614433121292 35.30882106073636 -40
141.6527612311059 38.78747569443313 -40
141.7129780033269 38.82706024864959 -40
140.7955948597258 36.74109968267082 -40
141.7784889009632 39.01808084084905 -40
141.7975096361255 38.94835061343949 -40
144.8570468423795 43.06250320026117 -40
141.9400319166382 39.78695375446404 -40
142.0487007310561 40.61259347440643 -40
143.7693693174292 42.86672001030862 -40
141.1988991432027 40.40990393739102 -40
138.1583808546985 41.10057217855937 -40
140.9923360538432 38.86744148484849 -40
141.5429178169752 38.51357643581851 -40
141.6546458700345 38.92648457231449 -40
141.7669102492995 39.55579295178289 -40
140.8561485752644 37.66418179009957 -40
126.2034399841037 35.46352775297228 -40
141.3388801314893 37.38505262232651 -40
145.3501425646355 42.6986817142238 -40
141.1820673455141 37.45295981544266 -40
141.1916341160908 37.37251562962067 -40
141.1458431255526 37.32553421352785 -40
141.2072173780367 37.30987850778385 -40
141.1726907710535 37.27029385524904 -40
141.1095081988434 37.2722780438923 -40
142.0187414571119 40.09121973105301 -40
133.7812740693324 41.17844309834162 -40
143.237318938574 44.49235712110498 -40
143.60922233205 44.25936779575827 -40
141.2622821078549 37.66236290167303 -40
141.3352564970754 37.63836474228983 -40
141.3930289674228 37.6896539254483 -40
141.8566478502264 40.22081474413974 -40
142.1072889764046 40.1699209795751 -40
141.4389390506288 37.63298951208285 -40
141.39189093798 37.50488894008392 -40
141.7164494316474 38.39219148388007 -40
141.6606323407952 38.37170544784873 -40
141.6615104738809 38.44146025962459 -40
145.8626421294812 44.42990022832028 -40
145.367959926051 44.20485575771496 -40
144.8572092551452 44.36641309772187 -40
141.2883987929992 39.2822044146159 -40
139.4119461563815 37.36636438601297 -40
141.2785953332224 37.38744960519874 -40
141.8747756074771 39.19728421244432 -40
130.1971009051594 34.86368204425455 -40
141.0021198289479 37.25452925663281 -40
141.0248643387344 37.1838725942883 -40
142.5563859135321 41.89051298115311 -40
132.0410315235254 42.77937283869475 -40
132.1931300650201 42.1935307916146 -40
139.3336923577009 38.68905622240843 -40
140.2535732332637 35.81634316564506 -40
140.2106692772763 35.89125377570641 -40
141.9535246622312 39.84610665469175 -40
141.475676303814 39.48734439848724 -40
142.0174305625279 41.58078465595516 -40
142.2720549204693 41.1599271448672 -40
141.6625188099963 40.07090018420827 -40
140.668067858048 36.49395507462298 -40
145.1678021725711 43.31347733418108 -40
145.1207037492054 43.60374684175142 -40
140.9326853880886 41.02723698009536 -40
141.1138562397036 41.19508705789484 -40
140.0731239041935 44.76242878163421 -40
142.335112389098 41.09984217945586 -40
140.8339049061666 37.84760498161209 -40
143.384596011673 42.27501857152211 -40
143.849611577524 42.45419546777206 -40
143.7535416314259 42.52481905389368 -40
141.5965300577382 42.20105591886509 -40
144.9411488603644 42.67967790581412 -40
144.8265446591122 42.68420201004329 -40
144.3841463037628 42.47282254820177 -40
141.6205191195569 39.79689968749783 -40
142.0878397101148 40.29140285577803 -40
142.0255780641115 40.34000862811047 -40
141.9554254186072 40.38926851921458 -40
141.7338718234774 38.89909237540162 -40
141.8071179128673 41.31430063973983 -40
141.917287573182 41.40919498102033 -40
142.7144298606407 42.03676594621547 -40
140.5478390038806 36.4261452230548 -40
141.6937553632825 39.25712906739489 -40
144.3609942018899 44.33751335675422 -40
141.350947546286 37.55650040697027 -40
143.017579157578 42.61013082449044 -40
141.4995038112576 38.20301527363702 -40
141.5617196033608 38.24916538857943 -40
141.5565420844573 38.33946814012263 -40
140.3111560074436 35.97115338139557 -40
139.5747826330337 39.92664274345495 -40
139.6339318922143 39.54475968293878 -40
144.288556592711 42.88942279115702 -40
144.444917387199 42.89448691296481 -40
140.0106614135262 37.96207737675579 -40
140.1880080341606 38.11483021141801 -40
140.1126109989048 38.34424440325924 -40
140.3366667930294 38.29516739857024 -40
139.8761785966454 38.44492000965722 -40
140.3614441081681 36.65826668348443 -40
140.3232541144235 36.58219089391751 -40
137.9273096013428 44.81284807625549 -40
138.2779591950303 44.12845433666172 -40
137.618276380363 44.2153354681941 -40
137.8506855902861 43.74594681941124 -40
137.2466305694743 43.62829235870949 -40
136.8713654527581 44.22763092196937 -40
139.8415366602529 43.27842674923732 -40
139.9914694013966 42.78954658114301 -40
141.8909719044834 39.5929724744934 -40
141.2250747477792 37.26195201441688 -40
141.1169517617379 37.03665205785683 -40
141.0894254651335 37.08211311506493 -40
141.1084582303247 37.13120649721807 -40
141.0641396397077 37.03172276647508 -40
135.7008835484323 44.80261137692143 -40
136.0729452945994 44.12362307248608 -40
141.7570322269283 38.51934905605626 -40
138.235326294883 40.6033416217565 -40
141.0459901036138 37.12426696468344 -40
140.3915094710086 38.10028153544932 -40
141.4327075440213 37.75498823425242 -40
140.8939684863266 36.79263248973379 -40
125.7233648025453 38.61407572628454 -40
135.5829803153443 34.61212851975126 -40
135.9429593014946 35.22693118429851 -40
136.6592396104305 35.13080335517341 -40
140.9476105665579 40.53940354888399 -40
141.8418212342638 38.99370317601259 -40
140.6305496071336 36.56900258396266 -40
140.4556026684952 37.33908903012284 -40
142.1555819125658 40.96256383525765 -40
141.0770286373613 37.33636414042599 -40
140.5907920189755 37.0048482800636 -40
134.8643684359148 34.61929647988526 -40
134.4958940230969 35.24822799021877 -40
133.7786332605015 35.28639361026338 -40
139.7619427983134 40.23806613860837 -40
142.4333353989838 41.63864825531284 -40
142.4540480891547 41.69624992310889 -40
134.692569103432 42.00081959340626 -40
134.8536659390051 41.36844991095557 -40
133.3939784156963 34.63097696596824 -40
138.2029938854043 37.04978144593751 -40
130.3706438674711 44.08739012585639 -40
140.0532908771942 37.73602898681233 -40
141.764426760122 40.69575084572627 -40
141.6759789268525 40.59314729147837 -40
134.2130033624597 44.79218629176305 -40
133.8248655995098 44.15176277707591 -40
134.5807241411041 44.18963230309616 -40
141.674264184943 39.90298240148176 -40
141.1530153558876 37.13396860153109 -40
141.1283915678823 37.18022882943971 -40
130.3590750211721 37.32748976800281 -40
142.1476744004056 41.90672325761015 -40
141.139474900424 39.06250480023829 -40
141.8634993677902 39.31367226252721 -40
133.5391048172892 37.69513542498242 -40
133.2201946435663 38.26028554363157 -40
132.536861881957 38.31494901221961 -40
133.9371694336471 38.32063565331484 -40
134.2147080582899 37.64918497300634 -40
134.6228214044699 38.16733061093777 -40
135.2576079774219 38.03840042505631 -40
134.988255459079 38.67569083541572 -40
135.51195333928 37.48738368855513 -40
135.8791262605821 37.93521263487035 -40
136.1200176130163 37.40662415846342 -40
136.4819057260383 37.86855547545943 -40
137.1068717432485 37.76512972297324 -40
136.8676930306413 38.28389716184935 -40
136.2833466917313 38.41327750801869 -40
143.7165552377725 42.3028473146592 -40
140.8058313100947 43.01882263205958 -40
140.372046676532 36.1115982090514 -40
137.2522695437981 37.22322781662318 -40
132.1665871049108 37.78862596751485 -40
131.477636057627 37.84920793442627 -40
131.8579395407618 38.39149117023445 -40
131.1590140078148 38.45401867738295 -40
127.6654612415326 44.66190222607163 -40
130.6155797377378 41.47734761181788 -40
128.3043515165797 40.68419188749229 -40
140.4622051814598 39.43180272622633 -40
140.1139083308172 39.65907223669284 -40
128.3250264943597 34.60064731531386 -40
128.673201484728 35.25725134425435 -40
126.105631498784 44.81738710021543 -40
130.7579793341206 37.89335053700102 -40
131.2645830746861 44.80051346521375 -40
128.0748256681213 39.48153711479462 -40
131.9336713131823 34.62920074858395 -40
132.2733496109556 35.26913128789295 -40
131.5670782880947 35.26132501671623 -40
145.8596710019543 43.47297673736556 -40
129.1604088443418 44.76631380813734 -40
129.8751089801863 44.74622804842441 -40
129.6056150931369 44.12639238573047 -40
131.9629064237795 39.41392800453922 -40
132.7381547450431 44.83083913275016 -40
142.0915861432034 40.44334727495578 -40
126.4985921152745 36.69443538688891 -40
126.2006431845714 37.40717932467754 -40
132.9011981838112 41.95390590023621 -40
127.379041549 37.76555892098671 -40
142.3754205534409 41.55614947056321 -40
129.000334681092 40.55487476102481 -40
145.0865379701185 42.60500735999985 -40
145.0304658411013 42.64959766143877 -40
145.0362302001652 42.58683845680037 -40
126.3243728510779 40.390549890805 -40
125.6050317338683 41.50291731224459 -40
141.8295074577979 39.51345899738084 -40
126.4292713049713 42.29663474469105 -40
129.5348785694209 36.13073579174132 -40
128.8285773384708 35.99413426052726 -40
129.5580643453687 37.38022716646083 -40
127.1404160539756 42.16291717762449 -40
131.0740553115575 37.2674233444852 -40
139.291497720674 41.00745839338558 -40
138.9546623750455 41.26955496226139 -40
139.7771713628545 41.29443557200237 -40
138.8626480250814 40.90347722494481 -40
127.1415303828849 44.07235850634903 -40
142.2914058003965 41.75393413209544 -40
143.743099628208 42.39145841405318 -40
130.8298749677514 40.80720363829005 -40
138.0135492406024 41.65361189327287 -40
135.3112498617171 41.81321170820851 -40
135.4950602858782 41.25418898217939 -40
136.0803711025059 41.10298661653602 -40
135.7235023481535 40.64828184560793 -40
129.0043643350304 42.42102006497148 -40
129.2306016670212 39.89395579420523 -40
140.5674268604355 36.36806118289395 -40
131.2781147615159 41.32751892411867 -40
142.0548670419837 40.21620252041649 -40
141.6130435860882 38.2991906948208 -40
139.8869787576342 38.68545815022059 -40
141.7989650703603 41.17373290994828 -40
141.2325817754107 38.06398236784337 -40
141.7399827234498 38.62569715529697 -40
132.4186424216784 35.96842291946554 -40
140.7366739600519 39.75317237042221 -40
133.2985880740338 39.18911767000051 -40
126.803301361746 34.60889464234955 -40
137.8642409667167 40.22396939858116 -40
128.7699849441029 43.06903788632069 -40
136.8910046586123 40.03523686560149 -40
141.562478250094 38.17245979755093 -40
140.7350889972215 36.64375115490789 -40
142.2563230303725 40.97397519178403 -40
140.6430637482646 37.38548805122245 -40
128.5369382912318 40.01977112548818 -40
141.5788794705176 38.75140087956789 -40
135.2795545794535 35.22418370699335 -40
143.4455411653939 42.22272821492034 -40
136.6038566263533 43.68642321964852 -40
137.2823517521684 42.95170238927651 -40
140.399254631069 38.65007812391008 -40
141.5743602954928 38.10015443838957 -40
141.564603095594 37.9899996692838 -40
142.0114576499943 39.98035486081181 -40
144.7246892099463 42.69199149437696 -40
130.3815557657417 38.46556795696806 -40
133.0145275792831 35.23761412237118 -40
135.3202695115454 44.21190693769552 -40
142.4242355199166 41.58015062826411 -40
140.6569820964439 39.40334724477909 -40
128.3093422771125 38.82748965072607 -40
141.7530100786019 40.04975561421201 -40
141.3485819218145 40.37818616082045 -40
141.4581412578646 40.49188781482897 -40
141.2437220746827 40.25371241780918 -40
136.5370756286594 41.57797495735511 -40
142.710419192691 42.5054190379137 -40
131.942260817028 41.14410669788798 -40
142.2520346554445 41.26887392957358 -40
140.151554601086 37.12938546067262 -40
140.8261689987915 37.05529524456213 -40
140.7909994543514 36.90954949058073 -40
127.6132336019245 38.95016637649868 -40
141.5640847916651 39.13435657898282 -40
142.5993076809029 41.8486963037074 -40
141.0893132161131 41.41632598275302 -40
127.1582114379277 38.41928436263119 -40
137.2288184497193 44.80442874903928 -40
141.4399244106537 37.87043239735724 -40
125.5703262510865 35.79276193572778 -40
139.9559619191047 40.80067674555617 -40
143.1918982596937 42.52025938210755 -40
125.628538297821 40.78378641661878 -40
126.715934525121 37.90026486811797 -40
142.1820866661637 40.64150436236286 -40
142.1119343603226 40.6657989046077 -40
134.4006683665297 35.88710920472028 -40
138.1632340493655 43.01390593604935 -40
142.4322251981723 41.77062379741255 -40
135.677636147163 35.81501628397266 -40
137.1949737721129 35.34953304249801 -40
145.0312408893294 43.91825904909403 -40
140.0725255058646 37.25814900497765 -40
139.9420176336451 42.32073632116013 -40
140.3248471621022 42.49265343422044 -40
140.6032398799891 38.63089310548496 -40
133.7764516195801 36.01983659050474 -40
141.8001147828877 40.59770207491966 -40
144.5618318424544 43.02013442566283 -40
140.7811326797967 39.54438357965205 -40
126.4222935817776 44.20430525593466 -40
137.4111840369422 39.89689731279963 -40
132.3632759988478 44.04774080135866 -40
141.6141169932429 39.26504076454557 -40
140.2049327729191 37.884930948581 -40
139.5792158354117 35.13174396862198 -40
125.5833042597617 35.09834724395181 -40
125.6867721251975 44.26494449879267 -40
140.6872590094624 39.99853909820919 -40
136.1257732042763 43.31492029094181 -40
141.2588994890176 37.29952351841267 -40
142.1078661928831 40.75066511072717 -40
141.0136219355572 37.03311479435386 -40
138.671588443233 39.47901338812726 -40
141.2949484349276 41.12704360911137 -40
142.1972742089651 40.84868552366112 -40
141.2974651686572 38.11911557155529 -40
140.3774150673209 36.23999914469284 -40
140.4260909679793 36.29090663958819 -40
142.8366275735208 42.10293882828444 -40
141.1679358760234 39.68398983626975 -40
140.0849778893805 35.40885530078043 -40
141.6970294048123 38.51059929911023 -40
130.8222400952995 39.01784031164801 -40
139.7662566225096 35.71455658264573 -40
139.6569873119366 35.90509005601928 -40
141.1320144090727 37.84953859611885 -40
139.1213307585071 37.44623868669688 -40
133.7716166506432 43.4819888877448 -40
145.2802601208978 42.74300490693393 -40
141.7112326888538 39.82336194447784 -40
143.7500357528068 42.6747634061363 -40
143.6281801064019 42.59496364434367 -40
142.8454460937561 41.99091006856526 -40
141.0351290211287 37.63564030379266 -40
141.555895885374 39.41948959220186 -40
136.9005372831758 35.79551431505275 -40
139.1182898026088 42.65346997287207 -40
140.1311861089279 41.28242966370102 -40
143.9411117298782 42.37762425334595 -40
140.9237856753752 37.50590418757933 -40
141.7987214147884 38.88851537799295 -40
141.8452944126825 38.84684863983701 -40
141.7764190160127 38.84062570397995 -40
137.9283361394274 35.89450814043846 -40
140.8743440092538 37.09597535879284 -40
125.5979726848542 39.37812116801552 -40
142.3602325814781 41.21455513136107 -40
142.3030341642501 41.21414102843774 -40
135.2100977703817 40.35919671254377 -40
141.1787391859343 38.2245014551735 -40
143.4805553470024 42.60200783139135 -40
139.2478840889843 44.85105607160956 -40
141.763935896632 39.2451711062458 -40
125.5517932357306 37.18696582111262 -40
141.6035387362084 38.39891006398471 -40
141.3237656381825 38.34501068437481 -40
141.3984310924216 38.9405764583109 -40
141.3409794040932 38.68537725172964 -40
144.0268848368545 42.33353214704376 -40
138.3872576275132 40.19359213772744 -40
141.9579567931006 41.12199807420338 -40
141.903650944655 41.22527954962631 -40
140.8567602371771 36.99294524385267 -40
140.6128962513458 36.86837760190694 -40
140.8089018107261 37.37417442895757 -40
141.1133199196388 39.82308003484552 -40
138.2864670765649 38.52750599696463 -40
140.68095467298 37.24498526393938 -40
143.2167286547262 43.6157430997709 -40
139.4783571014392 42.94670935709584 -40
142.003259548576 39.91768008011907 -40
140.4999646443491 39.22573514746404 -40
145.7005497626665 42.90230690987765 -40
141.4691171676071 40.89685080615903 -40
140.2712672015803 42.14681117085954 -40
129.9155152607474 43.47448379293474 -40
140.3427251839983 40.54648099423446 -40
140.5004506800479 38.23280847974329 -40
140.49072978519 38.44967517760699 -40
141.9267325387582 39.73698202895957 -40
140.9825348627325 36.84578663921317 -40
129.2753669229483 35.57367747096929 -40
143.7054971205476 42.24382008246143 -40
143.7912092107342 42.31486149933511 -40
144.1220985792726 42.8376425885234 -40
140.9507191474068 39.49107216884941 -40
138.9809959344336 36.8551022431299 -40
140.9781169808843 44.25074715284996 -40
141.5457101500702 37.85259418285097 -40
140.7657257772946 38.34356912395744 -40
140.6490436323131 36.52675635371904 -40
142.5192233936087 41.84121727515383 -40
141.6537404272514 38.85777229552435 -40
142.0259503432983 41.18394285610573 -40
125.5164982691933 42.92433915370679 -40
140.853340663013 36.74278407699675 -40
145.2317270835215 43.06498202431159 -40
145.0292386960103 43.1251528281491 -40
134.4293806923542 38.68493827594794 -40
141.9372508471443 44.38740448763606 -40
143.9357153908693 42.8584305583533 -40
142.5642167629107 41.81471749437316 -40
145.3712651109693 42.79170478237932 -40
141.7996865093088 40.98861944461606 -40
141.8917517877063 38.97848942537763 -40
141.9617611938487 40.30581580139117 -40
140.2111373367478 37.66134430520298 -40
142.8255414372243 42.64919230198127 -40
140.2311195424998 41.03821225530154 -40
139.6004967145477 37.44488494524882 -40
139.9072306808549 35.58074015078416 -40
140.0710341528598 35.63571589637017 -40
141.2766745507614 39.07528913302875 -40
139.9923212623766 37.11355205715343 -40
143.3689831122821 42.20272396297394 -40
127.6247007198095 35.35713725687317 -40
141.4835077470222 37.92891323276244 -40
142.1217913189653 41.54647438600749 -40
142.301659769318 41.32148457325584 -40
141.3089413181421 38.43312732526005 -40
137.9818745456495 37.46288087703454 -40
142.124806073179 40.58962811152674 -40
142.1508883698993 40.51618744015438 -40
141.888968755988 41.62232526485718 -40
137.8476753876348 38.58063594642727 -40
141.0075528914625 36.94711794555805 -40
142.9777277626254 42.12101373036549 -40
142.1213995556097 40.82878837081757 -40
139.9237858738753 39.4466120174909 -40
140.2584558972692 38.49098744948441 -40
141.3896187529205 40.2423389801673 -40
136.7904140284822 40.53990940231343 -40
140.4429762786167 36.66244479177526 -40
140.5133303844841 36.77046703189502 -40
141.7947613660646 43.01884603911869 -40
141.0609087529432 37.23408573106472 -40
140.3859811273828 36.51823382258581 -40
139.817880030279 36.88736356196844 -40
138.5778637993515 41.13904849940201 -40
131.4988484754953 42.48522654781166 -40
141.1493273911259 38.08582617467165 -40
140.7397261968412 39.24423024597994 -40
141.3878013138827 37.61392656473968 -40
145.3884551511113 43.79643601366667 -40
141.5764010000458 40.41258636247242 -40
139.3999421981861 37.85730393455589 -40
140.9775726363234 37.14059275562669 -40
129.5154441687486 34.99230002919234 -40
143.1780321987274 42.22799656765866 -40
143.2056864936965 42.31992163128809 -40
142.723466956351 41.94452631994161 -40
141.4076478279687 39.25880456596332 -40
141.1534525747793 41.01976261294755 -40
140.8901148729034 37.58971182972746 -40
143.1151457817157 42.09037274623671 -40
138.7517143823398 36.0201466363129 -40
141.9005491283331 39.83004695188669 -40
137.620974687721 38.2713895314039 -40
141.8010064611321 43.42073896164633 -40
142.151945510601 43.54930697045481 -40
141.0791313481047 37.17960690375822 -40
144.2365844363748 42.45094419611258 -40
144.8384045293917 43.65454300907589 -40
141.2308450815801 38.37351402123666 -40
139.8444934694743 39.75545048216167 -40
140.3248919077078 37.76588636116871 -40
140.5801317092647 38.11487324801002 -40
138.2705282404995 39.5748304810221 -40
141.5245873531669 39.27007238646852 -40
141.486622968383 39.35634299193687 -40
138.874075485156 37.2069696965502 -40
144.1408951299099 42.66031581299524 -40
138.6300379336687 35.42214661633268 -40
141.2448312980042 37.35383268221584 -40
141.7669293969755 38.74449443553589 -40
142.2109844896428 41.80153311522423 -40
141.8106454872826 39.28993616423988 -40
141.8279964349133 39.23085021160156 -40
142.8550321146955 44.89589412646341 -40
144.8315405924872 42.59830078534703 -40
138.2564020241661 35.56265944247415 -40
140.5762479511457 36.93246711267545 -40
131.5487764495486 38.94688386917002 -40
140.5106839443397 37.99405213651136 -40
140.7909351240111 36.65968187011115 -40
141.0271027060347 42.72625201045792 -40
140.6621260091103 36.60005439998933 -40
140.7072921125089 36.60164192160799 -40
140.0830846686275 36.01776931905808 -40
140.9513366474347 36.87278822329673 -40
140.09074473352 37.01840207085383 -40
143.6538785691263 42.46142959208105 -40
129.221959593838 43.58348885398684 -40
134.8917933974807 43.69465399676145 -40
144.2410607002715 42.61897110143652 -40
131.6998502875448 41.80488318957863 -40
140.0663782313665 35.80360812916803 -40
141.8234391813135 40.0127184205607 -40
141.6186416368476 38.24645765461958 -40
141.6470154101424 38.21709809303449 -40
133.0866729997251 41.35187350119158 -40
145.1961576374975 42.87977255759878 -40
141.9979390649025 41.83567080622105 -40
139.7609160031364 36.39248084709863 -40
141.1584728099192 38.69609606174075 -40
141.661429047888 38.31845742574666 -40
145.717865006601 43.04582481080929 -40
145.936517971292 43.06980887829361 -40
146.1799164679431 43.11169245103284 -40
143.3727583685148 43.355782394978 -40
142.6596632052552 41.97547657066052 -40
141.090900698552 40.72065299405325 -40
141.0231173745809 37.89853251598936 -40
140.8743094289686 36.69707365601009 -40
141.5983191187661 41.71365438774097 -40
143.6396498344405 43.87498222978705 -40
142.8616132007659 42.04493010693104 -40
142.9099766986808 42.08024932526445 -40
139.0282486319337 35.41082714758536 -40
141.1499658702113 37.22761468969551 -40
140.4817466678747 36.27237904992377 -40
141.3132412331155 37.44318899900742 -40
141.1623032204361 38.31435312794597 -40
141.3034631389983 37.30036994342809 -40
144.5000935678411 42.76626078985526 -40
143.8300711793684 43.62901662515227 -40
141.9568404258353 39.69576497522392 -40
144.353291853693 42.41677114991991 -40
140.3326715194667 36.16760496550198 -40
143.3847186168479 42.15318800542245 -40
141.4286827137707 41.59992179595603 -40
128.8719091415254 44.20779858010842 -40
140.5343771230756 44.37727427117521 -40
126.076455443335 36.22420882831335 -40
136.3118608017181 40.70469342193779 -40
141.8341517185817 39.17136085816407 -40
145.9270961931421 42.95141707523403 -40
140.833046559425 36.94419221901809 -40
141.7463059441183 40.52172215217195 -40
141.0847239242104 38.61171682598136 -40
140.2241868303034 36.56094147469663 -40
141.1144300324785 38.82915924334667 -40
142.4307587383024 42.28308247061472 -40
140.9782216236996 38.09065233891132 -40
141.9214725083466 40.25239499552453 -40
132.2366949538485 38.8557751556994 -40
142.4118910583363 42.57140309059267 -40
141.2612389814616 38.722399236683 -40
141.5973680503483 38.4572998619408 -40
144.7101994558447 43.11763204286488 -40
142.1605496755203 41.47489951718934 -40
141.3167453768964 38.97635611731005 -40
145.9055241418448 44.97049571954935 -40
141.0436486218037 37.07354451329645 -40
140.7981128249672 36.70332947795187 -40
126.1152886164213 41.80242622736368 -40
142.6390764027277 42.39526639190466 -40
140.9061537969174 37.14911369924089 -40
144.9661931668585 42.98178648462777 -40
138.8922354340714 44.26961956969614 -40
142.2771773737595 41.03200474677308 -40
140.9526123529614 36.79205950719163 -40
143.4956669201988 42.21104256944524 -40
142.0565491779351 40.14481840295784 -40
136.7852567874694 38.72170908614713 -40
140.4377011324857 42.80741089415773 -40
141.2290558398192 37.2052959686099 -40
132.4093178461284 41.56558810142533 -40
131.6327289592655 44.31997030757996 -40
140.5405943308547 37.38902221684447 -40
145.6116671404343 43.58748216747377 -40
142.2614888556084 41.97428049095872 -40
139.6282714066219 38.77028783491973 -40
141.7754713418202 42.2669914046946 -40
126.1011516909935 39.7599809938366 -40
140.6217166740301 36.48723978859609 -40
142.0346271603842 40.40040225673911 -40
133.1066044506711 44.32934188955584 -40
139.952639798146 41.06804810000664 -40
137.7452890984839 43.23638081087984 -40
141.3112573115326 40.1523602487054 -40
141.0350607435244 39.72047852065177 -40
140.9178323348909 39.65356509592859 -40
141.2024913518487 38.46469541560953 -40
133.9589549188454 40.65455704369505 -40
141.0646822192249 40.88399745245997 -40
141.7297269316124 38.56056027112702 -40
140.6364699254939 39.10363516918268 -40
140.9419883577678 37.65830094616654 -40
141.5848087987839 39.88495826874045 -40
142.3213185537981 41.04520350316825 -40
143.3909358346835 42.70580815571942 -40
141.1927449379687 37.23076412223557 -40
142.7675764550142 42.84383195963633 -40
139.9209013017709 34.43943873343005 -40
142.6296941316555 41.88893553405928 -40
142.0235376562091 40.27916404449332 -40
142.4601361061313 41.83143869762068 -40
141.0917691627623 38.50496053458883 -40
137.5527088108111 37.49271058791329 -40
141.7942582231447 40.25096557592057 -40
141.8420680157126 39.56731025557266 -40
133.3032142852154 40.78872548216319 -40
142.4455350458219 44.47642500181324 -40
132.9118018215312 38.76866951466778 -40
141.585315851584 40.51832194591753 -40
125.5398150564379 44.88458747131983 -40
142.6680915808431 42.09148374575937 -40
125.5372905041957 34.54093662295681 -40
142.1435567457969 40.28719029416867 -40
144.2366241639317 42.3794899987282 -40
141.7196409590491 39.19566773825241 -40
141.2094352472683 38.14582007946004 -40
143.2877811343949 42.24238525777464 -40
141.9584496479314 39.89768594702216 -40
141.1985594141914 41.6406701442457 -40
139.9213706980339 35.19129242680112 -40
140.7406465862547 37.40261457817583 -40
144.184505544863 42.99143607030865 -40
143.0324788101456 42.47556885593989 -40
141.8309898806596 39.04800639580429 -40
142.2462477423995 40.79617552737214 -40
140.6290846895149 38.35658980191298 -40
141.9999186673038 41.35806796953493 -40
142.6016903726771 41.92512598006117 -40
126.1625350664442 38.04090670995724 -40
140.8336609844334 37.51501809650223 -40
142.4975281010608 41.69563663673297 -40
142.059087370498 40.06221884526094 -40
142.3222379591529 43.31360218902672 -40
143.051181826511 42.12468901455379 -40
138.5582229950638 40.79933024231157 -40
142.5488742312012 42.48239504278872 -40
141.1072903180978 40.2698741736837 -40
141.2330667119088 37.4097850584459 -40
141.7893458830598 39.40354590571047 -40
130.6788707857155 34.52687997188262 -40
143.8451918897257 42.26625746283904 -40
142.3083773314391 41.12765715128808 -40
141.5668194845743 39.20877200561294 -40
141.6161334646993 38.1217510903052 -40
139.2274140609103 35.06566702206024 -40
140.1437824610744 35.84976748641427 -40
140.1480509863244 35.94458467359338 -40
142.9583695962122 42.0495236791293 -40
143.3349474311256 44.88318895466257 -40
129.6748677537423 34.4641230993449 -40
143.2187115310426 42.41737172650851 -40
141.4271662646947 41.15901844099938 -40
141.3220772437431 40.955906551837 -40
143.1711834029769 42.1375433317944 -40
144.5840629269092 42.5846982832239 -40
139.5267302822968 36.29832666640765 -40
137.292954517891 38.15753344867439 -40
141.6763890188627 39.98609635503116 -40
141.5621835526146 37.89399354315209 -40
142.5597834377386 41.84878601359687 -40
139.6576951173724 36.91656402117013 -40
144.9625896964924 42.60810098829709 -40
136.3562440207389 38.8598905528684 -40
144.2660527418857 43.99454810556121 -40
141.9252950982542 41.51530140585403 -40
141.9125171498461 39.33457667192101 -40
141.9575389828863 39.60954305485193 -40
141.9117063410374 39.64720051607145 -40
140.8218362562678 41.49262673518153 -40
141.9190179014949 39.22557235224708 -40
140.2946128514569 37.99940997511003 -40
142.0288743032373 39.82999170450744 -40
142.1590879253234 40.89031658637619 -40
145.0629120941058 42.69008350579012 -40
140.5982715815044 36.44895036202959 -40
140.0730163508308 40.58218666829289 -40
143.968135583569 44.1782026882815 -40
142.3058712141678 40.96196028283926 -40
139.064609183384 43.09655540520801 -40
141.698717008945 38.28426206133564 -40
141.5204690086724 37.97429894148473 -40
142.4430519846804 41.49778520546038 -40
142.4118342941535 41.52509320238828 -40
142.4386686351026 41.45801365649877 -40
126.1454877258374 43.71538173004435 -40
133.5486106204541 38.71481469194559 -40
141.105581147597 37.21876283957009 -40
140.269338088329 36.0407870714219 -40
144.8662113944386 42.54182703021065 -40
141.923738539228 41.3165199999877 -40
143.5890316829 42.40575567001176 -40
144.3150220468742 42.4590015256686 -40
139.9200476952937 36.79675448431306 -40
128.4016569161276 36.41336396169599 -40
130.9484995391629 35.13043675518305 -40
141.7890322779371 41.07303294988826 -40
141.4141441636932 37.82051359604565 -40
141.9097921322472 39.079288500743 -40
135.733235985089 40.15683435644253 -40
140.4710009630262 36.42560446958441 -40
140.3927877879599 36.4252825806938 -40
141.601507104659 38.2074287905189 -40
139.5967949375095 36.09531277532336 -40
141.8255994512604 39.11761718555106 -40
141.8603358696684 38.95285169448077 -40
134.4297365226838 41.09332755589728 -40
141.3436334631574 37.48422064584857 -40
140.488306816949 36.63321214490841 -40
141.3379473799878 44.49191870745177 -40
140.8121177019631 39.89796777599811 -40
141.8479623106034 39.27505293885597 -40
136.7922143970668 34.4903176580404 -40
140.4028297442265 36.71939234555013 -40
140.5582077364275 36.7421731072236 -40
140.4823271862046 36.8301728336441 -40
140.5404135655086 42.29121682660902 -40
141.5149689874554 39.92253240717952 -40
140.3092364469236 36.10038558410084 -40
146.0248780785384 43.28365611278931 -40
140.9126126776217 36.84416058122574 -40
142.0207939091079 40.03283598708131 -40
139.2974936421448 37.61327909917868 -40
140.2928213834532 36.50988138904541 -40
141.059766896621 36.95038249628624 -40
135.0578838403938 40.8942464029351 -40
128.2673112457135 44.2623467010949 -40
144.6370083335363 42.53885145916171 -40
141.0848300382311 36.99607731848248 -40
137.6680739562588 34.38305751401695 -40
141.6175888939487 38.34829268435868 -40
141.0480064377166 37.28642916725466 -40
130.8961078738089 44.39135637481158 -40
143.8405423774992 42.37111329248697 -40
141.8301339397015 39.46212679401486 -40
144.6308613330116 42.73700484939427 -40
140.0464071572765 38.52412022142411 -40
140.8910051770041 37.75573695127837 -40
135.6107729584869 38.47676737146297 -40
141.0662442027869 40.44899160421047 -40
126.5099335784411 35.00162071478731 -40
141.9225786643368 39.46217021730135 -40
141.8185608893074 40.17187660459031 -40
139.5516155845758 34.68152143474379 -40
142.3600383578892 41.4998498458984 -40
139.809204606408 40.00271065468571 -40
138.2632412621653 43.45576757100911 -40
140.3063260166279 35.84048792512925 -40
142.2566365554201 41.21246081160895 -40
141.8255125700297 40.09161869420646 -40
139.0200977041149 41.61577937616739 -40
128.1176022725986 35.13508361114904 -40
138.5995495719818 35.74800572083608 -40
125.9610367030001 36.88532023455173 -40
132.0320375996105 43.35346749503778 -40
134.2364792459457 43.79101926458966 -40
144.8920902179223 42.62985738796451 -40
139.0879031093081 40.6856800145819 -40
141.0931402296422 38.94825948547676 -40
134.5801117883249 39.1058921736895 -40
139.5432921533928 41.16019524568328 -40
142.4426197660324 42.41788612872858 -40
141.7525890762248 38.79404688437305 -40
141.770582152458 38.68603159611428 -40
140.5365749042221 36.38866191741028 -40
140.7890814252845 37.44712625575895 -40
142.8245841936379 42.17839284703555 -40
135.4031658620393 38.94061211110606 -40
142.316659610512 41.36586384555209 -40
140.2343826182899 35.96251325094582 -40
142.3574954571628 41.78748323496244 -40
139.9454913688855 40.41078987264698 -40
141.8724458476204 41.74722775641816 -40
141.3021295009073 39.17930287684437 -40
139.9893573691749 40.19012066495466 -40
141.7411511749483 41.78372074440521 -40
141.9974000405437 39.86071174583744 -40
140.1361884762967 36.5210783731021 -40
138.1623149752204 39.89389542652862 -40
140.3922409694546 36.80843048299708 -40
$EndNodes
$Elements
313 4356 1 4356
0 0 15 1
1 1 
0 1 15 1
2 2 
0 2 15 1
3 3 
0 3 15 1
4 4 
0 4 15 1
5 5 
0 5 15 1
6 6 
0 6 15 1
7 7 
0 7 15 1
8 8 
0 8 15 1
9 9 
0 9 15 1
10 10 
0 10 15 1
11 11 
0 11 15 1
12 12 
0 12 15 1
13 13 
0 13 15 1
14 14 
0 14 15 1
15 15 
0 15 15 1
16 16 
0 16 15 1
17 17 
0 17 15 1
18 18 
0 18 15 1
19 19 
0 19 15 1
20 20 
0 20 15 1
21 21 
0 21 15 1
22 22 
0 22 15 1
23 23 
0 23 15 1
24 24 
0 24 15 1
25 25 
0 25 15 1
26 26 
0 26 15 1
27 27 
0 27 15 1
28 28 
0 28 15 1
29 29 
0 29 15 1
30 30 
0 30 15 1
31 31 
0 31 15 1
32 32 
0 32 15 1
33 33 
0 33 15 1
34 34 
0 34 15 1
35 35 
0 35 15 1
36 36 
0 36 15 1
37 37 
0 37 15 1
38 38 
0 38 15 1
39 39 
0 39 15 1
40 40 
0 40 15 1
41 41 
0 41 15 1
42 42 
0 42 15 1
43 43 
0 43 15 1
44 44 
0 44 15 1
45 45 
0 45 15 1
46 46 
0 46 15 1
47 47 
0 47 15 1
48 48 
0 48 15 1
49 49 
0 49 15 1
50 50 
0 50 15 1
51 51 
0 51 15 1
52 52 
0 52 15 1
53 53 
0 53 15 1
54 54 
0 54 15 1
55 55 
0 55 15 1
56 56 
0 56 15 1
57 57 
0 57 15 1
58 58 
0 58 15 1
59 59 
0 59 15 1
60 60 
0 60 15 1
61 61 
0 61 15 1
62 62 
0 62 15 1
63 63 
0 63 15 1
64 64 
0 64 15 1
65 65 
0 65 15 1
66 66 
0 66 15 1
67 67 
0 67 15 1
68 68 
0 68 15 1
69 69 
0 69 15 1
70 70 
0 70 15 1
71 71 
0 71 15 1
72 72 
0 72 15 1
73 73 
0 73 15 1
74 74 
0 74 15 1
75 75 
0 75 15 1
76 76 
0 76 15 1
77 77 
0 77 15 1
78 78 
0 78 15 1
79 79 
0 79 15 1
80 80 
0 80 15 1
81 81 
0 81 15 1
82 82 
0 82 15 1
83 83 
0 83 15 1
84 84 
0 84 15 1
85 85 
0 85 15 1
86 86 
0 86 15 1
87 87 
0 87 15 1
88 88 
0 88 15 1
89 89 
0 89 15 1
90 90 
0 90 15 1
91 91 
0 91 15 1
92 92 
0 92 15 1
93 93 
0 93 15 1
94 94 
0 94 15 1
95 95 
0 95 15 1
96 96 
0 96 15 1
97 97 
0 97 15 1
98 98 
0 98 15 1
99 99 
0 99 15 1
100 100 
0 100 15 1
101 101 
0 101 15 1
102 102 
0 102 15 1
103 103 
0 103 15 1
104 104 
0 104 15 1
105 105 
0 105 15 1
106 106 
0 106 15 1
107 107 
0 107 15 1
108 108 
0 108 15 1
109 109 
0 109 15 1
110 110 
0 110 15 1
111 111 
0 111 15 1
112 112 
0 112 15 1
113 113 
0 113 15 1
114 114 
0 114 15 1
115 115 
0 115 15 1
116 116 
0 116 15 1
117 117 
0 117 15 1
118 118 
0 118 15 1
119 119 
0 119 15 1
120 120 
0 120 15 1
121 121 
0 121 15 1
122 122 
0 122 15 1
123 123 
0 123 15 1
124 124 
0 124 15 1
125 125 
0 125 15 1
126 126 
0 126 15 1
127 127 
0 127 15 1
128 128 
0 128 15 1
129 129 
0 129 15 1
130 130 
0 130 15 1
131 131 
0 131 15 1
132 132 
0 132 15 1
133 133 
0 133 15 1
134 134 
0 134 15 1
135 135 
0 135 15 1
136 136 
0 136 15 1
137 137 
0 137 15 1
138 138 
0 138 15 1
139 139 
0 139 15 1
140 140 
0 140 15 1
141 141 
0 141 15 1
142 142 
0 142 15 1
143 143 
0 143 15 1
144 144 
0 144 15 1
145 145 
0 145 15 1
146 146 
0 146 15 1
147 147 
0 147 15 1
148 148 
0 148 15 1
149 149 
0 149 15 1
150 150 
0 150 15 1
151 151 
0 151 15 1
152 152 
0 152 15 1
153 153 
0 153 15 1
154 154 
0 154 15 1
155 155 
0 155 15 1
156 156 
1 0 1 21
157 1 157 
158 157 158 
159 158 159 
160 159 160 
161 160 161 
162 161 162 
163 162 163 
164 163 164 
165 164 165 
166 165 166 
167 166 167 
168 167 168 
169 168 169 
170 169 170 
171 170 171 
172 171 172 
173 172 173 
174 173 174 
175 174 175 
176 175 176 
177 176 2 
1 1 1 3
178 2 177 
179 177 178 
180 178 3 
1 2 1 1
181 3 4 
1 3 1 1
182 4 5 
1 4 1 1
183 5 6 
1 5 1 1
184 6 7 
1 6 1 1
185 7 8 
1 7 1 1
186 8 9 
1 8 1 1
187 9 10 
1 9 1 1
188 10 11 
1 10 1 1
189 11 12 
1 11 1 1
190 12 13 
1 12 1 1
191 13 14 
1 13 1 1
192 14 15 
1 14 1 1
193 15 16 
1 15 1 1
194 16 17 
1 16 1 1
195 17 18 
1 17 1 1
196 18 19 
1 18 1 1
197 19 20 
1 19 1 1
198 20 21 
1 20 1 1
199 21 22 
1 21 1 1
200 22 23 
1 22 1 1
201 23 24 
1 23 1 1
202 24 25 
1 24 1 1
203 25 26 
1 25 1 1
204 26 27 
1 26 1 1
205 27 28 
1 27 1 1
206 28 29 
1 28 1 1
207 29 30 
1 29 1 1
208 30 31 
1 30 1 1
209 31 32 
1 31 1 1
210 32 33 
1 32 1 1
211 33 34 
1 33 1 1
212 34 35 
1 34 1 1
213 35 36 
1 35 1 1
214 36 37 
1 36 1 1
215 37 38 
1 37 1 1
216 38 39 
1 38 1 1
217 39 40 
1 39 1 1
218 40 41 
1 40 1 1
219 41 42 
1 41 1 1
220 42 43 
1 42 1 1
221 43 44 
1 43 1 1
222 44 45 
1 44 1 1
223 45 46 
1 45 1 1
224 46 47 
1 46 1 1
225 47 48 
1 47 1 1
226 48 49 
1 48 1 1
227 49 50 
1 49 1 1
228 50 51 
1 50 1 1
229 51 52 
1 51 1 1
230 52 53 
1 52 1 1
231 53 54 
1 53 1 1
232 54 55 
1 54 1 1
233 55 56 
1 55 1 1
234 56 57 
1 56 1 1
235 57 58 
1 57 1 1
236 58 59 
1 58 1 1
237 59 60 
1 59 1 1
238 60 61 
1 60 1 1
239 61 62 
1 61 1 1
240 62 63 
1 62 1 1
241 63 64 
1 63 1 1
242 64 65 
1 64 1 1
243 65 66 
1 65 1 1
244 66 67 
1 66 1 1
245 67 68 
1 67 1 1
246 68 69 
1 68 1 1
247 69 70 
1 69 1 1
248 70 71 
1 70 1 1
249 71 72 
1 71 1 1
250 72 73 
1 72 1 1
251 73 74 
1 73 1 1
252 74 75 
1 74 1 1
253 75 76 
1 75 1 1
254 76 77 
1 76 1 1
255 77 78 
1 77 1 1
256 78 79 
1 78 1 1
257 79 80 
1 79 1 1
258 80 81 
1 80 1 1
259 81 82 
1 81 1 1
260 82 83 
1 82 1 1
261 83 84 
1 83 1 1
262 84 85 
1 84 1 1
263 85 86 
1 85 1 1
264 86 87 
1 86 1 1
265 87 88 
1 87 1 1
266 88 89 
1 88 1 1
267 89 90 
1 89 1 1
268 90 91 
1 90 1 1
269 91 92 
1 91 1 1
270 92 93 
1 92 1 1
271 93 94 
1 93 1 1
272 94 95 
1 94 1 1
273 95 96 
1 95 1 1
274 96 97 
1 96 1 1
275 97 98 
1 97 1 1
276 98 99 
1 98 1 1
277 99 100 
1 99 1 1
278 100 101 
1 100 1 1
279 101 102 
1 101 1 1
280 102 103 
1 102 1 1
281 103 104 
1 103 1 1
282 104 105 
1 104 1 1
283 105 106 
1 105 1 1
284 106 107 
1 106 1 1
285 107 108 
1 107 1 1
286 108 109 
1 108 1 1
287 109 110 
1 109 1 1
288 110 111 
1 110 1 1
289 111 112 
1 111 1 1
290 112 113 
1 112 1 1
291 113 114 
1 113 1 1
292 114 115 
1 114 1 1
293 115 116 
1 115 1 1
294 116 117 
1 116 1 1
295 117 118 
1 117 1 1
296 118 119 
1 118 1 1
297 119 120 
1 119 1 1
298 120 121 
1 120 1 1
299 121 122 
1 121 1 1
300 122 123 
1 122 1 1
301 123 124 
1 123 1 1
302 124 125 
1 124 1 1
303 125 126 
1 125 1 1
304 126 127 
1 126 1 1
305 127 128 
1 127 1 1
306 128 129 
1 128 1 1
307 129 130 
1 129 1 1
308 130 131 
1 130 1 1
309 131 132 
1 131 1 1
310 132 133 
1 132 1 1
311 133 134 
1 133 1 1
312 134 135 
1 134 1 1
313 135 136 
1 135 1 1
314 136 137 
1 136 1 1
315 137 138 
1 137 1 1
316 138 139 
1 138 1 1
317 139 140 
1 139 1 1
318 140 141 
1 140 1 1
319 141 142 
1 141 1 1
320 142 143 
1 142 1 1
321 143 144 
1 143 1 1
322 144 145 
1 144 1 1
323 145 146 
1 145 1 1
324 146 147 
1 146 1 1
325 147 148 
1 147 1 1
326 148 149 
1 148 1 1
327 149 150 
1 149 1 1
328 150 151 
1 150 1 1
329 151 152 
1 151 1 1
330 152 153 
1 152 1 1
331 153 154 
1 153 1 4
332 154 179 
333 179 180 
334 180 181 
335 181 155 
1 154 1 29
336 155 182 
337 182 183 
338 183 184 
339 184 185 
340 185 186 
341 186 187 
342 187 188 
343 188 189 
344 189 190 
345 190 191 
346 191 192 
347 192 193 
348 193 194 
349 194 195 
350 195 196 
351 196 197 
352 197 198 
353 198 199 
354 199 200 
355 200 201 
356 201 202 
357 202 203 
358 203 204 
359 204 205 
360 205 206 
361 206 207 
362 207 208 
363 208 209 
364 209 156 
1 155 1 16
365 156 210 
366 210 211 
367 211 212 
368 212 213 
369 213 214 
370 214 215 
371 215 216 
372 216 217 
373 217 218 
374 218 219 
375 219 220 
376 220 221 
377 221 222 
378 222 223 
379 223 224 
380 224 1 
2 1 2 3976
381 1280 257 1661 
382 1334 906 1513 
383 945 1510 1715 
384 1183 467 1384 
385 1207 1593 1809 
386 795 794 1357 
387 1329 1100 1719 
388 1064 1389 1473 
389 954 1200 1616 
390 1257 1259 1547 
391 1096 1556 1662 
392 583 1235 1421 
393 1329 1719 1924 
394 343 341 1399 
395 339 337 1469 
396 1473 1389 1749 
397 1190 61 1456 
398 399 1449 1451 
399 1545 243 1588 
400 35 227 1887 
401 1786 1137 1829 
402 1132 1447 1831 
403 1610 1113 1805 
404 957 1116 1645 
405 734 1498 1654 
406 650 642 1265 
407 1372 957 1645 
408 970 1578 1687 
409 100 101 289 
410 244 138 1653 
411 242 1302 1375 
412 1102 46 1835 
413 1201 327 1764 
414 266 77 1038 
415 260 1173 1782 
416 1624 1214 1792 
417 257 1389 1661 
418 1094 920 1152 
419 1039 1351 1418 
420 842 910 1966 
421 866 1214 1624 
422 1287 426 1983 
423 1118 1296 1600 
424 234 100 1584 
425 255 49 926 
426 1258 1257 1547 
427 1346 1348 1867 
428 108 109 2004 
429 276 86 965 
430 623 872 1359 
431 292 1697 1870 
432 1019 1045 1737 
433 12 291 1236 
434 866 1213 1214 
435 339 1469 2055 
436 292 118 1697 
437 940 615 1325 
438 1012 1369 1628 
439 866 757 1213 
440 1413 930 2000 
441 386 1346 1867 
442 420 426 1287 
443 1374 301 1545 
444 341 621 1399 
445 1173 260 1257 
446 1200 954 1825 
447 114 115 1403 
448 930 1129 2000 
449 787 1100 1666 
450 710 1834 1866 
451 1270 1388 1952 
452 1556 1455 1662 
453 28 240 2013 
454 1006 1261 1330 
455 1564 1423 1685 
456 13 14 291 
457 931 1411 1412 
458 230 94 1141 
459 76 266 1917 
460 1569 423 1604 
461 1093 856 1492 
462 1834 710 1853 
463 1388 895 1952 
464 1161 1355 1668 
465 762 1736 1985 
466 1330 443 1818 
467 1127 1161 1668 
468 236 1220 1697 
469 1498 734 1855 
470 940 1155 1324 
471 583 1269 1270 
472 1147 1089 2096 
473 39 40 1824 
474 239 74 1839 
475 1552 1101 1747 
476 1304 796 1748 
477 120 121 1727 
478 45 233 957 
479 1436 659 1516 
480 1031 1905 2094 
481 1240 1008 1532 
482 914 913 1437 
483 1447 688 1831 
484 1366 730 1368 
485 265 1430 1623 
486 957 1372 1415 
487 135 278 1164 
488 352 350 1471 
489 1100 1329 1666 
490 1359 872 1360 
491 1404 720 1664 
492 1373 463 1551 
493 106 107 250 
494 921 765 961 
495 794 1036 1357 
496 1492 945 1715 
497 684 685 713 
498 984 1404 1664 
499 1089 828 1090 
500 248 1862 1898 
501 451 445 1309 
502 399 1440 1449 
503 1220 236 1420 
504 913 1132 1437 
505 1325 615 1947 
506 241 616 617 
507 1184 563 1542 
508 1067 1308 1426 
509 1177 1588 1851 
510 1553 588 1769 
511 1031 1139 1905 
512 1196 512 1827 
513 1429 737 1777 
514 1084 1207 1930 
515 908 775 1293 
516 1212 584 1732 
517 233 1103 1116 
518 1435 702 1700 
519 1138 643 1878 
520 1261 1006 2020 
521 233 46 1102 
522 901 1296 1848 
523 765 744 811 
524 467 1183 1383 
525 982 1113 1610 
526 621 339 2055 
527 443 451 1818 
528 19 20 1777 
529 276 1008 1240 
530 809 1298 1768 
531 1369 334 1628 
532 1641 877 2040 
533 1888 248 1899 
534 17 1017 1625 
535 1128 1326 1915 
536 1155 940 1325 
537 779 1423 1564 
538 946 1477 1509 
539 646 643 1138 
540 1131 1147 1306 
541 898 828 1089 
542 41 42 1912 
543 279 1926 1998 
544 1368 730 1445 
545 1198 1604 1955 
546 105 1092 1987 
547 45 957 1415 
548 300 1246 1466 
549 179 299 1340 
550 1308 1023 1426 
551 784 786 1627 
552 604 1118 1600 
553 1337 604 1338 
554 550 583 1421 
555 1131 898 1147 
556 512 1196 1983 
557 193 293 1259 
558 826 825 1082 
559 591 1165 1925 
560 130 283 1274 
561 140 301 1653 
562 1402 1401 1403 
563 1094 1152 1598 
564 1188 279 2034 
565 85 276 1240 
566 72 777 1154 
567 338 463 1373 
568 642 639 1265 
569 1270 1269 1388 
570 1053 1094 1220 
571 1013 713 1678 
572 1370 899 1929 
573 743 713 744 
574 1593 991 1809 
575 563 1184 1943 
576 906 1334 1795 
577 350 506 1471 
578 684 743 1185 
579 1016 1552 1747 
580 1086 1631 1904 
581 947 1441 1941 
582 1031 1030 1139 
583 1349 702 1995 
584 1106 1786 1829 
585 230 1141 1142 
586 1856 1127 1874 
587 1318 1261 2020 
588 1414 268 1716 
589 1207 1084 1593 
590 1214 1213 1791 
591 112 238 1728 
592 829 1030 1031 
593 1163 1430 1889 
594 733 732 825 
595 1549 1097 2014 
596 1305 870 1505 
597 929 1295 1794 
598 825 732 829 
599 1236 291 1285 
600 1538 1072 1608 
601 1039 80 1703 
602 1159 1160 1530 
603 117 292 1597 
604 1298 1268 1768 
605 1559 536 1922 
606 1405 590 1498 
607 138 139 1653 
608 1132 1020 1447 
609 1200 1433 1616 
610 583 552 1269 
611 1293 775 1294 
612 24 1689 1751 
613 684 675 685 
614 1054 1420 1474 
615 1167 1166 1169 
616 410 1069 1352 
617 931 930 1413 
618 529 508 1176 
619 1344 970 1687 
620 279 1188 1189 
621 456 462 1380 
622 713 685 716 
623 268 1256 1978 
624 1541 1677 1765 
625 1327 588 1553 
626 1634 1475 1839 
627 272 57 1156 
628 1089 1090 1374 
629 1259 293 1547 
630 1005 1006 1330 
631 1082 825 1083 
632 778 344 1352 
633 1430 265 1889 
634 237 1402 1403 
635 1253 1370 1929 
636 918 857 1127 
637 100 289 1584 
638 867 476 1276 
639 1341 981 1342 
640 1326 423 1915 
641 732 707 1029 
642 191 260 1371 
643 817 593 1327 
644 1491 1093 1492 
645 1412 1629 1702 
646 1159 1530 1724 
647 1296 1118 1848 
648 429 1334 1513 
649 1106 1302 1786 
650 651 658 1195 
651 1371 260 1782 
652 1045 871 1737 
653 744 713 1013 
654 24 25 1689 
655 1660 1453 1663 
656 1122 646 1138 
657 1133 576 2024 
658 591 803 1165 
659 1319 1317 1320 
660 584 1212 1667 
661 762 724 1736 
662 422 423 1326 
663 959 1278 1371 
664 1044 1117 1285 
665 765 811 1954 
666 1082 1083 1277 
667 881 1480 1544 
668 625 623 1359 
669 45 46 233 
670 327 1201 1558 
671 1254 804 1355 
672 1165 1166 1167 
673 957 233 1116 
674 65 286 1137 
675 462 472 1380 
676 1402 237 1493 
677 1315 448 1316 
678 931 1412 1442 
679 1411 931 1413 
680 766 765 921 
681 683 1180 1778 
682 676 675 684 
683 1629 749 1702 
684 1151 1512 1790 
685 247 110 840 
686 395 1660 1663 
687 273 1300 1385 
688 650 1265 1585 
689 1338 604 1600 
690 56 57 272 
691 1311 1035 1938 
692 745 744 765 
693 1053 1050 1094 
694 769 1396 1677 
695 1198 1569 1604 
696 1512 460 1790 
697 1748 796 1893 
698 1793 929 1794 
699 643 642 649 
700 850 852 1188 
701 852 1033 1188 
702 1213 1086 1791 
703 65 1137 1743 
704 236 1301 1420 
705 426 512 1983 
706 909 1251 1665 
707 1604 1199 1955 
708 1835 813 2050 
709 1185 743 1806 
710 1035 1615 1938 
711 1065 1577 1807 
712 258 71 1154 
713 1050 920 1094 
714 716 1018 1194 
715 109 1179 2004 
716 276 965 1007 
717 242 1375 1883 
718 1246 300 1958 
719 898 1089 1147 
720 1265 1446 1722 
721 593 544 1327 
722 500 468 501 
723 433 1319 1976 
724 750 1634 1839 
725 1485 1586 1808 
726 227 882 883 
727 1463 1462 1721 
728 451 1309 1938 
729 1054 1053 1420 
730 412 1199 1604 
731 1163 1217 1430 
732 1296 901 1833 
733 55 56 1961 
734 535 740 1442 
735 1328 1073 1329 
736 255 926 927 
737 1462 411 1745 
738 713 716 1678 
739 1165 803 1166 
740 1309 460 1310 
741 466 422 468 
742 864 860 1273 
743 1295 1294 1816 
744 1250 111 1728 
745 1294 775 1390 
746 910 909 1665 
747 1104 1835 2050 
748 1391 1554 2013 
749 757 759 1213 
750 979 1376 1418 
751 520 521 1178 
752 973 753 1386 
753 1517 1378 1656 
754 253 126 1057 
755 452 433 1976 
756 1201 1764 2084 
757 1205 1485 1808 
758 914 1437 1642 
759 257 1280 1562 
760 1397 329 1398 
761 659 1436 1770 
762 908 1293 1529 
763 1356 1036 1520 
764 1256 1906 1978 
765 463 340 1339 
766 42 43 1969 
767 411 1462 1757 
768 1233 1230 1234 
769 449 460 1309 
770 1196 1197 1983 
771 94 96 1141 
772 1271 370 1710 
773 144 145 1177 
774 1240 1532 2010 
775 1181 574 2046 
776 1276 476 1942 
777 1161 763 1936 
778 884 886 1759 
779 578 580 735 
780 1054 1474 1913 
781 648 646 1122 
782 1334 452 1335 
783 857 763 1161 
784 1266 246 1274 
785 1400 1170 1666 
786 916 1428 1943 
787 1038 1039 1418 
788 856 945 1492 
789 1106 1001 1302 
790 1578 1145 1687 
791 233 1102 1103 
792 1311 1310 1312 
793 401 410 1352 
794 1035 1311 1753 
795 1315 1317 1319 
796 1509 1477 1900 
797 237 116 1597 
798 1195 658 2088 
799 1721 1462 1745 
800 871 870 1305 
801 778 1352 1846 
802 574 576 589 
803 848 850 1186 
804 1528 1232 1824 
805 737 1429 1899 
806 421 416 422 
807 1475 1157 1895 
808 1322 922 1323 
809 705 703 731 
810 408 352 1471 
811 568 1262 2097 
812 1036 1356 1357 
813 870 864 1272 
814 854 947 1424 
815 1044 1285 1286 
816 709 707 732 
817 1360 872 1362 
818 334 323 1353 
819 691 690 701 
820 657 651 1195 
821 1170 787 1666 
822 1294 1391 1816 
823 508 752 1176 
824 1288 819 1701 
825 1298 809 2089 
826 1309 1310 1311 
827 1816 1391 2013 
828 641 639 642 
829 724 701 796 
830 1376 266 1418 
831 689 688 690 
832 675 666 1718 
833 807 815 1381 
834 917 784 1627 
835 1966 910 2074 
836 1218 1774 1857 
837 580 591 1925 
838 1093 1679 1840 
839 655 648 683 
840 1378 1517 1561 
841 1294 1390 1391 
842 437 448 1315 
843 1445 768 1779 
844 877 1641 2064 
845 314 1175 1501 
846 225 55 1792 
847 1577 376 1807 
848 1326 1128 1733 
849 1396 769 1680 
850 1164 278 1243 
851 601 1797 2008 
852 1248 1494 1715 
853 1235 583 1886 
854 1115 1375 1766 
855 29 30 1735 
856 1057 1263 1841 
857 1424 947 1941 
858 88 89 229 
859 1548 1379 1890 
860 591 595 803 
861 691 701 724 
862 316 314 1501 
863 733 825 826 
864 570 572 584 
865 258 1154 1155 
866 40 232 1824 
867 536 1527 1922 
868 1186 850 1188 
869 695 693 702 
870 689 690 691 
871 649 651 657 
872 572 574 1181 
873 37 268 1414 
874 83 228 308 
875 445 449 1309 
876 684 713 743 
877 703 702 1349 
878 421 422 466 
879 73 239 1986 
880 673 666 675 
881 448 1261 1318 
882 1331 1023 2002 
883 1440 399 1524 
884 174 175 287 
885 1374 1545 1588 
886 107 108 1087 
887 1685 1423 2033 
888 1401 114 1403 
889 466 468 500 
890 639 637 1265 
891 1228 1230 1233 
892 621 1364 1399 
893 501 508 529 
894 810 1659 1713 
895 1172 914 1642 
896 752 973 1431 
897 683 648 1122 
898 921 961 1401 
899 1029 707 1799 
900 680 678 692 
901 1045 1019 1738 
902 285 1354 1703 
903 504 1538 1608 
904 414 412 416 
905 1302 1003 1375 
906 1441 1085 2059 
907 819 1288 1776 
908 641 642 643 
909 829 1029 1030 
910 1003 1004 1107 
911 1494 1248 1957 
912 567 568 582 
913 702 693 1700 
914 1180 683 1738 
915 1208 1210 2061 
916 1154 777 2058 
917 597 812 1044 
918 109 247 1179 
919 658 688 689 
920 1245 411 1757 
921 484 1417 1439 
922 232 1528 1824 
923 589 576 1133 
924 520 1178 2081 
925 313 315 1527 
926 1351 979 1418 
927 1256 39 1824 
928 441 443 1330 
929 1712 1640 1776 
930 1585 1265 1722 
931 536 313 1527 
932 1042 1186 1187 
933 1193 55 1961 
934 649 650 651 
935 918 1127 1856 
936 804 1254 1817 
937 1360 1362 1363 
938 410 406 412 
939 568 570 1262 
940 1042 848 1186 
941 1101 1552 1688 
942 834 848 1042 
943 253 1134 2027 
944 1145 869 1146 
945 431 452 1334 
946 414 416 421 
947 192 193 1259 
948 977 975 1022 
949 1001 1002 1003 
950 1192 1641 2040 
951 399 1451 2078 
952 1797 1313 2008 
953 1052 1050 1053 
954 833 1548 1890 
955 96 97 274 
956 774 776 834 
957 917 1303 1979 
958 529 1176 1641 
959 1396 749 1629 
960 410 412 414 
961 1120 940 1324 
962 560 562 1252 
963 1299 1168 1300 
964 1541 769 1677 
965 834 776 848 
966 1618 1270 1952 
967 1158 1750 1771 
968 1415 1372 2012 
969 604 1337 2089 
970 1278 959 1489 
971 370 1271 1945 
972 59 60 241 
973 998 999 1001 
974 501 502 508 
975 137 244 2072 
976 1116 1103 1833 
977 1633 1691 1692 
978 1368 1445 1779 
979 725 724 762 
980 951 1046 1221 
981 1210 275 2061 
982 303 7 305 
983 1480 881 2009 
984 1510 1248 1715 
985 411 1245 1758 
986 875 940 1120 
987 973 1386 1387 
988 362 364 1537 
989 179 180 299 
990 1162 1163 1889 
991 286 66 1028 
992 1245 483 1758 
993 749 1396 1680 
994 301 141 1545 
995 1741 1820 1999 
996 1810 1515 2006 
997 179 1340 1812 
998 1297 197 1750 
999 512 457 513 
1000 651 656 658 
1001 1679 261 1840 
1002 658 669 688 
1003 594 1741 1999 
1004 815 715 1501 
1005 504 362 1537 
1006 1001 1003 1302 
1007 1315 1316 1317 
1008 266 1038 1418 
1009 1032 1325 1947 
1010 301 1374 1752 
1011 584 572 1181 
1012 401 406 410 
1013 1148 1149 1951 
1014 1367 400 2092 
1015 522 520 523 
1016 1357 674 1358 
1017 979 977 1376 
1018 1273 860 1988 
1019 637 635 1446 
1020 1313 1797 1999 
1021 676 684 1185 
1022 562 566 567 
1023 407 420 1287 
1024 533 535 1442 
1025 869 867 1275 
1026 576 578 2024 
1027 570 584 1262 
1028 807 715 815 
1029 774 772 776 
1030 567 566 568 
1031 1299 1017 1981 
1032 825 829 1989 
1033 771 582 772 
1034 1143 274 1254 
1035 858 857 918 
1036 109 110 247 
1037 1363 1362 1364 
1038 228 84 2010 
1039 1677 1393 1765 
1040 1785 1207 1809 
1041 1244 28 2013 
1042 996 997 998 
1043 515 518 1601 
1044 998 1001 1106 
1045 1167 1169 1589 
1046 197 1297 1892 
1047 1791 225 1792 
1048 1325 1032 1607 
1049 875 615 940 
1050 507 499 611 
1051 1431 973 1539 
1052 1317 1405 1498 
1053 743 744 745 
1054 1069 414 1383 
1055 81 82 308 
1056 792 593 793 
1057 709 732 733 
1058 88 229 1467 
1059 1377 249 1378 
1060 1300 273 1682 
1061 1551 463 1762 
1062 1272 864 1273 
1063 731 703 1349 
1064 65 66 286 
1065 792 793 901 
1066 116 117 1597 
1067 813 1681 2050 
1068 342 778 1339 
1069 556 558 1241 
1070 1422 894 2042 
1071 537 523 604 
1072 1588 1177 2096 
1073 791 763 857 
1074 1843 273 1953 
1075 1186 1188 2034 
1076 1423 779 1647 
1077 507 611 615 
1078 1244 304 2036 
1079 786 943 1627 
1080 25 1189 1689 
1081 1194 1018 1734 
1082 1411 1413 1472 
1083 1303 917 1627 
1084 649 642 650 
1085 1199 407 1287 
1086 868 867 869 
1087 1943 1428 2100 
1088 1157 876 2066 
1089 423 1569 1915 
1090 1744 1821 1822 
1091 1192 1521 1641 
1092 973 1387 1861 
1093 433 435 1319 
1094 1291 1583 1611 
1095 426 457 512 
1096 1480 1531 1544 
1097 695 702 703 
1098 746 747 969 
1099 325 332 1353 
1100 321 334 1369 
1101 690 688 1447 
1102 554 556 564 
1103 426 427 457 
1104 1381 815 1871 
1105 975 876 1157 
1106 1305 1505 1859 
1107 513 514 515 
1108 1166 803 1168 
1109 401 402 406 
1110 97 98 1817 
1111 674 625 1359 
1112 472 738 1380 
1113 1261 441 1330 
1114 773 772 774 
1115 1044 812 1117 
1116 1433 923 1616 
1117 1316 448 1318 
1118 400 1367 1773 
1119 265 1623 1916 
1120 1477 946 1563 
1121 1713 1659 1908 
1122 558 560 563 
1123 738 764 1101 
1124 518 519 520 
1125 335 499 507 
1126 184 185 288 
1127 988 960 1023 
1128 1895 1157 2066 
1129 1385 1182 1534 
1130 483 1245 1982 
1131 1048 1605 1829 
1132 1232 1228 1233 
1133 323 325 1353 
1134 1107 1004 1108 
1135 513 515 516 
1136 1354 1351 1703 
1137 195 249 1377 
1138 340 342 1339 
1139 1034 1726 1802 
1140 515 517 518 
1141 544 546 1327 
1142 874 1431 1539 
1143 356 1813 2079 
1144 304 26 2036 
1145 836 838 1032 
1146 543 544 593 
1147 1270 1618 1886 
1148 437 439 448 
1149 443 445 451 
1150 643 649 1878 
1151 435 437 1315 
1152 521 542 543 
1153 554 564 1269 
1154 814 807 960 
1155 518 520 522 
1156 1098 1097 1549 
1157 552 554 1269 
1158 935 869 1145 
1159 1314 731 2006 
1160 949 1085 1441 
1161 740 931 1442 
1162 308 228 309 
1163 344 346 1352 
1164 1052 1053 1054 
1165 1070 1260 2069 
1166 793 817 941 
1167 522 523 537 
1168 1220 1094 1870 
1169 673 675 676 
1170 1083 1243 1934 
1171 1222 1221 2086 
1172 186 187 281 
1173 800 907 1086 
1174 894 928 2042 
1175 736 715 807 
1176 1275 867 1276 
1177 1345 281 1756 
1178 1003 1002 1004 
1179 1134 1549 2014 
1180 500 501 1754 
1181 1342 981 1696 
1182 1165 1167 1857 
1183 563 560 1252 
1184 299 180 1328 
1185 1257 260 1259 
1186 1623 1429 1777 
1187 977 1022 1376 
1188 406 407 1199 
1189 1274 283 1684 
1190 680 692 693 
1191 1446 635 1788 
1192 907 1040 1267 
1193 550 552 583 
1194 356 360 746 
1195 78 79 1038 
1196 299 1328 1329 
1197 966 1436 1516 
1198 7 8 305 
1199 1378 249 1656 
1200 449 453 460 
1201 435 1315 1319 
1202 1166 1168 1299 
1203 1312 1310 1313 
1204 1640 819 1776 
1205 1392 252 1393 
1206 182 183 1073 
1207 1408 1417 1487 
1208 1364 621 2055 
1209 1667 967 1907 
1210 335 336 499 
1211 1539 973 1861 
1212 1316 1318 1406 
1213 548 550 1421 
1214 70 258 1365 
1215 1217 1219 1429 
1216 346 401 1352 
1217 852 853 854 
1218 607 476 867 
1219 420 425 426 
1220 546 548 588 
1221 458 1688 1755 
1222 1688 1239 1755 
1223 753 755 1386 
1224 1583 252 1611 
1225 439 441 1261 
1226 716 915 1018 
1227 1003 1107 1375 
1228 974 876 975 
1229 1278 1489 2061 
1230 1127 857 1161 
1231 272 1156 1861 
1232 385 388 1524 
1233 1323 922 1847 
1234 1266 1274 1684 
1235 1362 1471 1950 
1236 1022 1475 1634 
1237 800 801 907 
1238 1594 1054 1913 
1239 976 975 977 
1240 508 509 752 
1241 305 1644 2080 
1242 586 1034 1416 
1243 1001 999 1002 
1244 1057 127 1263 
1245 1023 960 2002 
1246 501 468 502 
1247 1595 137 2072 
1248 429 431 1334 
1249 543 593 792 
1250 1420 1301 1474 
1251 558 563 1241 
1252 1243 1083 1740 
1253 584 1181 1732 
1254 327 1558 1720 
1255 431 433 452 
1256 336 338 1373 
1257 171 252 1392 
1258 969 970 1343 
1259 1264 1514 1841 
1260 925 610 1557 
1261 484 1439 1524 
1262 188 189 275 
1263 775 774 1390 
1264 752 753 973 
1265 1155 1325 1607 
1266 745 765 766 
1267 1407 269 2012 
1268 960 807 1381 
1269 494 491 1454 
1270 992 994 996 
1271 1377 1378 1379 
1272 1388 1428 1626 
1273 620 615 875 
1274 332 333 335 
1275 738 1101 1380 
1276 260 192 1259 
1277 1226 1228 1232 
1278 1188 1033 1189 
1279 1439 1440 1524 
1280 850 851 852 
1281 1413 296 1472 
1282 874 1539 1881 
1283 346 365 401 
1284 1142 1304 1717 
1285 275 1278 2061 
1286 1301 236 1727 
1287 998 997 999 
1288 1417 484 1487 
1289 275 189 1278 
1290 1363 1364 1397 
1291 1419 925 1557 
1292 1269 564 1388 
1293 567 582 771 
1294 1547 1379 1548 
1295 766 921 1914 
1296 1069 1383 1845 
1297 1034 1573 1726 
1298 234 1874 1991 
1299 1276 1744 1822 
1300 1100 711 1603 
1301 1356 674 1357 
1302 1193 1624 1792 
1303 1381 1009 1708 
1304 615 611 1947 
1305 836 837 838 
1306 783 1382 1436 
1307 1256 1824 1906 
1308 848 849 850 
1309 793 593 817 
1310 894 900 928 
1311 941 1223 1372 
1312 978 977 979 
1313 755 866 1386 
1314 865 864 870 
1315 1392 1393 1394 
1316 918 1937 1988 
1317 1718 666 1778 
1318 1105 884 1759 
1319 543 542 544 
1320 69 70 1365 
1321 491 782 1454 
1322 629 1356 1520 
1323 623 408 872 
1324 796 701 1253 
1325 247 840 841 
1326 342 344 778 
1327 810 1222 2086 
1328 184 288 1977 
1329 1317 1316 1405 
1330 678 676 1185 
1331 396 1408 1487 
1332 839 990 991 
1333 230 1142 1717 
1334 536 1559 1842 
1335 1453 1454 1455 
1336 1226 1232 1528 
1337 286 1048 1829 
1338 254 1409 1410 
1339 604 523 1118 
1340 1217 1218 1219 
1341 712 330 715 
1342 611 835 836 
1343 941 942 1223 
1344 655 683 1778 
1345 556 1241 2100 
1346 1144 1143 1255 
1347 890 892 1027 
1348 338 340 463 
1349 759 800 1213 
1350 1017 1299 1625 
1351 1252 562 2098 
1352 763 762 1936 
1353 815 1501 2025 
1354 448 439 1261 
1355 644 643 646 
1356 329 1397 1469 
1357 1471 506 1950 
1358 691 724 725 
1359 996 998 1605 
1360 1390 1043 1391 
1361 546 588 1327 
1362 1731 953 1732 
1363 190 191 1371 
1364 1324 1154 2058 
1365 521 543 1178 
1366 513 457 514 
1367 1375 1107 1766 
1368 1278 190 1371 
1369 811 744 1013 
1370 1320 1317 1498 
1371 400 1463 1721 
1372 803 595 1182 
1373 422 416 423 
1374 84 1240 2010 
1375 254 168 1409 
1376 759 798 800 
1377 1086 907 1631 
1378 921 1401 1402 
1379 1146 869 1275 
1380 808 537 809 
1381 426 425 427 
1382 651 650 656 
1383 254 1411 1472 
1384 1284 961 1444 
1385 1400 184 1977 
1386 658 656 669 
1387 98 99 804 
1388 636 635 637 
1389 515 514 517 
1390 191 192 260 
1391 412 406 1199 
1392 980 979 1351 
1393 463 1339 1761 
1394 254 1410 1411 
1395 906 514 1513 
1396 638 637 639 
1397 1860 1810 2006 
1398 287 175 2011 
1399 332 335 1571 
1400 325 328 332 
1401 854 855 947 
1402 288 185 1970 
1403 1085 951 1221 
1404 771 772 773 
1405 895 1388 1626 
1406 969 747 970 
1407 1467 229 1708 
1408 949 951 1085 
1409 1214 1791 1792 
1410 293 1377 1379 
1411 928 900 929 
1412 817 1327 1553 
1413 755 757 866 
1414 1375 1115 1883 
1415 518 517 519 
1416 1351 1039 1703 
1417 1365 258 1607 
1418 1053 1220 1420 
1419 640 639 641 
1420 1263 1264 1841 
1421 1032 838 1084 
1422 1436 1382 1770 
1423 1076 1814 1891 
1424 870 1272 2090 
1425 520 519 521 
1426 319 321 1369 
1427 768 1460 1461 
1428 496 1343 2060 
1429 996 994 997 
1430 514 457 1513 
1431 321 323 334 
1432 834 1043 1390 
1433 1434 925 1993 
1434 240 29 1815 
1435 293 194 1377 
1436 1358 674 1359 
1437 725 762 763 
1438 281 1345 1582 
1439 330 316 1501 
1440 537 604 2089 
1441 1139 1030 1140 
1442 299 1329 1924 
1443 1791 1086 1904 
1444 1343 496 2033 
1445 19 737 1898 
1446 773 774 775 
1447 936 1582 1609 
1448 988 1893 1929 
1449 1302 242 1786 
1450 862 860 864 
1451 746 360 747 
1452 1463 400 1773 
1453 746 969 1647 
1454 1285 291 1286 
1455 1337 1298 2089 
1456 635 631 1520 
1457 984 986 1404 
1458 1176 752 1431 
1459 1184 1542 2017 
1460 303 305 306 
1461 991 992 1486 
1462 353 356 2079 
1463 839 991 1593 
1464 1046 1047 1162 
1465 229 89 1070 
1466 772 582 1636 
1467 627 625 674 
1468 1169 1166 1299 
1469 795 1357 1959 
1470 1123 1087 2004 
1471 185 1432 1970 
1472 1909 1434 1993 
1473 986 1011 1099 
1474 1466 1246 1632 
1475 1073 183 1400 
1476 376 1459 1576 
1477 1691 1633 1707 
1478 286 1028 1048 
1479 829 732 1029 
1480 838 837 839 
1481 74 75 750 
1482 1834 1149 1866 
1483 479 1288 1646 
1484 1022 975 1157 
1485 611 499 835 
1486 406 402 407 
1487 1226 1227 1228 
1488 227 1105 1887 
1489 1589 1888 1899 
1490 193 194 293 
1491 607 867 868 
1492 176 2 1694 
1493 969 1343 1423 
1494 562 565 566 
1495 1750 263 1771 
1496 1163 1216 1217 
1497 974 975 976 
1498 399 385 1524 
1499 1228 1229 1230 
1500 1383 1183 1845 
1501 1446 968 1722 
1502 834 1042 1043 
1503 907 801 1040 
1504 986 1099 1404 
1505 657 1195 1858 
1506 1306 1147 1837 
1507 947 948 949 
1508 1452 494 1454 
1509 653 634 1507 
1510 2 177 1694 
1511 941 817 942 
1512 876 875 2066 
1513 294 1392 1394 
1514 1343 970 1344 
1515 1443 1251 1728 
1516 1272 1273 1572 
1517 410 414 1069 
1518 1223 942 1224 
1519 779 972 1647 
1520 564 556 2100 
1521 1177 1781 2096 
1522 991 990 992 
1523 1210 1345 1756 
1524 578 735 2024 
1525 1408 396 1488 
1526 335 333 336 
1527 1117 1323 1830 
1528 401 365 402 
1529 961 1284 1869 
1530 1911 1674 2060 
1531 171 172 252 
1532 868 869 935 
1533 560 561 562 
1534 315 319 1527 
1535 1454 782 1455 
1536 774 834 1390 
1537 507 615 620 
1538 174 287 1523 
1539 1352 1069 1846 
1540 1122 1138 1852 
1541 1229 1227 1560 
1542 447 1633 1822 
1543 1459 376 1577 
1544 574 575 576 
1545 1137 286 1829 
1546 468 422 1326 
1547 168 169 1409 
1548 1223 1224 1407 
1549 1084 838 1593 
1550 947 949 1441 
1551 1104 1102 1835 
1552 1100 1603 1968 
1553 1450 1452 1453 
1554 1083 825 1989 
1555 268 38 1256 
1556 368 381 1200 
1557 800 798 801 
1558 988 1023 1308 
1559 588 548 1421 
1560 334 1353 1690 
1561 266 1376 1917 
1562 294 170 1392 
1563 647 646 648 
1564 576 577 578 
1565 1309 1311 1938 
1566 620 875 876 
1567 683 1122 1599 
1568 951 952 1046 
1569 195 196 249 
1570 186 281 1432 
1571 1230 1231 1617 
1572 546 547 548 
1573 814 960 988 
1574 364 368 1537 
1575 692 678 2038 
1576 736 807 814 
1577 1043 1042 1643 
1578 633 631 635 
1579 427 429 1513 
1580 558 559 560 
1581 872 408 1471 
1582 1516 659 1767 
1583 1406 748 2087 
1584 1280 1281 1562 
1585 24 1751 2007 
1586 1417 1438 1439 
1587 1411 1410 1412 
1588 381 1336 2101 
1589 568 569 570 
1590 981 1341 1939 
1591 574 589 2046 
1592 388 484 1524 
1593 1041 1408 1488 
1594 255 927 958 
1595 892 894 1422 
1596 1206 69 1930 
1597 1148 1951 1970 
1598 1265 637 1446 
1599 1458 1041 1488 
1600 275 1210 1972 
1601 343 1399 1844 
1602 727 729 1460 
1603 1609 1209 1658 
1604 572 573 574 
1605 183 184 1400 
1606 768 727 1460 
1607 1862 248 1888 
1608 418 1457 1458 
1609 836 835 837 
1610 978 979 980 
1611 949 950 951 
1612 1621 1620 1622 
1613 1169 1299 1981 
1614 712 715 736 
1615 836 1032 1947 
1616 548 549 550 
1617 1405 1316 1406 
1618 1044 1286 1534 
1619 791 857 858 
1620 1399 506 1844 
1621 1224 1225 1226 
1622 283 131 1332 
1623 1449 821 1450 
1624 583 1270 1886 
1625 1457 1041 1458 
1626 529 1521 1754 
1627 1450 821 1452 
1628 767 1071 1525 
1629 1766 307 2062 
1630 715 330 1501 
1631 106 250 1091 
1632 590 1405 2099 
1633 304 1244 2051 
1634 98 804 1817 
1635 332 328 333 
1636 1217 1429 1430 
1637 1334 1335 1795 
1638 544 545 546 
1639 793 941 1645 
1640 56 272 1961 
1641 828 826 2052 
1642 570 571 572 
1643 1724 256 1933 
1644 691 725 1581 
1645 1620 262 1622 
1646 997 1384 1796 
1647 848 776 849 
1648 800 1086 1213 
1649 652 984 1664 
1650 1388 564 1428 
1651 1514 1061 1841 
1652 128 246 1263 
1653 723 668 1519 
1654 1081 1609 1658 
1655 1694 177 1921 
1656 421 466 467 
1657 1295 929 2070 
1658 899 1370 1863 
1659 510 494 1452 
1660 1123 2004 2044 
1661 966 785 1436 
1662 1241 563 1943 
1663 1461 1462 1463 
1664 1107 1108 1546 
1665 189 190 1278 
1666 992 996 1486 
1667 508 502 509 
1668 976 977 978 
1669 1398 329 1720 
1670 194 195 1377 
1671 731 1314 1799 
1672 641 644 1382 
1673 534 911 1438 
1674 654 648 655 
1675 734 1655 1855 
1676 253 1057 1058 
1677 602 534 1438 
1678 170 171 1392 
1679 1923 1483 2000 
1680 1350 1185 1806 
1681 556 557 558 
1682 1384 997 2065 
1683 1449 1450 1451 
1684 1078 1076 1891 
1685 562 567 2098 
1686 1073 1328 1872 
1687 700 795 1642 
1688 185 186 1432 
1689 1022 1157 1475 
1690 635 1520 1788 
1691 1223 1407 2012 
1692 1209 1021 1658 
1693 924 925 1434 
1694 169 170 294 
1695 1130 1131 1340 
1696 1464 1465 1511 
1697 1320 1498 1855 
1698 1404 1099 1459 
1699 1706 912 1716 
1700 821 510 1452 
1701 730 687 1445 
1702 527 821 1448 
1703 698 700 1437 
1704 1720 1558 1960 
1705 1267 1040 1268 
1706 701 690 1370 
1707 847 1434 1909 
1708 1395 1394 1396 
1709 578 579 580 
1710 1277 1083 1934 
1711 1448 821 1449 
1712 1386 866 1624 
1713 1407 1224 1528 
1714 716 685 915 
1715 1439 911 1440 
1716 1027 892 1422 
1717 785 783 1436 
1718 550 551 552 
1719 1363 1397 1398 
1720 1355 804 1668 
1721 808 809 1341 
1722 1294 1295 2070 
1723 506 348 1844 
1724 198 199 263 
1725 1310 460 1512 
1726 662 653 1507 
1727 627 674 1356 
1728 1460 1075 1461 
1729 34 1621 1622 
1730 1055 1631 1975 
1731 1438 911 1439 
1732 523 520 2081 
1733 1071 1482 1525 
1734 707 705 1799 
1735 1130 898 1131 
1736 437 438 439 
1737 1652 244 1653 
1738 1396 1394 1677 
1739 245 1830 2080 
1740 1182 595 1980 
1741 845 1074 1075 
1742 1255 1355 1936 
1743 1285 1117 1830 
1744 980 1351 1354 
1745 301 1652 1653 
1746 1221 1046 2086 
1747 552 553 554 
1748 764 818 982 
1749 796 1304 1736 
1750 435 436 437 
1751 522 537 808 
1752 1681 1338 2050 
1753 563 1252 1542 
1754 427 428 429 
1755 1348 1536 1867 
1756 1355 1161 1936 
1757 554 555 556 
1758 1461 1075 1462 
1759 1087 108 2004 
1760 1111 924 1434 
1761 1522 1457 1550 
1762 852 851 853 
1763 1369 1012 1922 
1764 1408 934 1417 
1765 521 541 542 
1766 924 610 925 
1767 934 602 1438 
1768 1105 1621 1887 
1769 439 440 441 
1770 725 790 1581 
1771 1455 782 1662 
1772 1440 1448 1449 
1773 1389 257 1749 
1774 1090 828 2052 
1775 515 1601 2073 
1776 1521 529 1641 
1777 1688 458 2085 
1778 1235 1229 1560 
1779 180 181 1328 
1780 1158 1297 1750 
1781 1354 285 1704 
1782 1457 418 1550 
1783 308 309 1704 
1784 1266 1684 2041 
1785 1093 1491 1679 
1786 729 845 1460 
1787 1453 1452 1454 
1788 665 655 666 
1789 294 1394 1395 
1790 1479 1480 2009 
1791 507 620 1571 
1792 1417 934 1438 
1793 80 285 1703 
1794 472 505 738 
1795 204 270 1481 
1796 597 1044 1980 
1797 416 412 1604 
1798 429 430 431 
1799 1422 1126 1620 
1800 169 294 1409 
1801 1152 1493 1598 
1802 1387 272 1861 
1803 1033 854 1424 
1804 141 142 1545 
1805 1787 1218 1857 
1806 738 739 764 
1807 1311 1312 1753 
1808 1774 735 1857 
1809 1108 1109 1521 
1810 1168 1182 1385 
1811 267 1671 1836 
1812 532 527 1448 
1813 1249 928 1793 
1814 610 606 1557 
1815 1141 274 1143 
1816 1329 1073 1666 
1817 1120 1324 2058 
1818 1155 1154 1324 
1819 681 662 1303 
1820 433 434 435 
1821 256 1478 1479 
1822 1159 1724 1933 
1823 173 1523 1910 
1824 543 792 1178 
1825 1546 1784 1990 
1826 1440 911 1448 
1827 1464 964 1465 
1828 1453 1455 1663 
1829 704 703 705 
1830 1465 1506 1511 
1831 716 1194 1678 
1832 586 830 1034 
1833 489 493 1464 
1834 589 1133 1875 
1835 1450 1453 1660 
1836 1479 1478 1480 
1837 1015 966 1021 
1838 203 204 1481 
1839 677 676 678 
1840 1233 1234 1978 
1841 894 896 900 
1842 493 614 1464 
1843 1826 1055 1975 
1844 499 336 1373 
1845 614 964 1464 
1846 397 405 1488 
1847 431 432 433 
1848 1062 1063 1594 
1849 768 1461 1779 
1850 845 1075 1460 
1851 1303 662 1507 
1852 396 397 1488 
1853 1150 599 1880 
1854 1076 474 1650 
1855 850 849 851 
1856 1476 264 1477 
1857 614 781 964 
1858 271 221 1466 
1859 1631 1055 1904 
1860 70 71 258 
1861 220 271 1473 
1862 1300 1168 1385 
1863 300 223 1470 
1864 441 442 443 
1865 1258 1547 1548 
1866 1224 1226 1528 
1867 368 1200 1537 
1868 1336 381 1783 
1869 1734 1123 2044 
1870 1556 1096 1946 
1871 886 890 1759 
1872 1041 934 1408 
1873 256 202 1478 
1874 1110 924 1111 
1875 933 602 934 
1876 1477 264 1900 
1877 641 643 644 
1878 202 203 1478 
1879 880 610 924 
1880 911 532 1448 
1881 222 300 1466 
1882 319 1369 1527 
1883 219 220 1473 
1884 222 223 300 
1885 1247 1246 1958 
1886 223 224 1470 
1887 457 427 1513 
1888 958 1337 1338 
1889 687 722 1445 
1890 582 568 2097 
1891 534 532 911 
1892 296 166 1472 
1893 1481 270 1531 
1894 609 606 610 
1895 963 1247 1248 
1896 167 168 254 
1897 210 211 905 
1898 620 939 1571 
1899 240 1816 2013 
1900 1159 1111 1160 
1901 220 221 271 
1902 479 608 1288 
1903 418 417 1496 
1904 782 481 1568 
1905 167 254 1472 
1906 217 218 257 
1907 1074 1121 1245 
1908 922 306 1847 
1909 420 424 425 
1910 214 264 1476 
1911 1490 539 1508 
1912 964 781 1468 
1913 845 846 1074 
1914 221 222 1466 
1915 1588 243 1851 
1916 1478 203 1481 
1917 905 211 1495 
1918 1336 1783 1946 
1919 201 202 256 
1920 1657 748 1725 
1921 498 487 606 
1922 668 671 1519 
1923 297 213 1476 
1924 1362 872 1471 
1925 1505 870 2090 
1926 212 213 297 
1927 214 215 264 
1928 938 1522 1550 
1929 1026 816 1490 
1930 816 539 1490 
1931 1421 1235 1560 
1932 166 167 1472 
1933 213 214 1476 
1934 1416 1034 1802 
1935 165 166 296 
1936 827 826 828 
1937 405 413 1458 
1938 467 466 1729 
1939 413 418 1458 
1940 1339 778 1850 
1941 729 844 845 
1942 971 531 1504 
1943 580 581 591 
1944 207 208 1485 
1945 527 510 821 
1946 1200 381 1433 
1947 165 296 1483 
1948 212 297 1495 
1949 161 162 1491 
1950 204 205 270 
1951 805 785 966 
1952 417 469 1496 
1953 279 1998 2034 
1954 205 206 1484 
1955 164 165 1483 
1956 206 207 298 
1957 669 697 698 
1958 298 207 1485 
1959 1412 1410 1629 
1960 1906 1233 1978 
1961 270 205 1484 
1962 1617 1231 1618 
1963 1262 1667 1907 
1964 405 1458 1488 
1965 280 1491 1492 
1966 206 298 1484 
1967 824 531 971 
1968 163 164 261 
1969 1260 1426 2069 
1970 1228 1227 1229 
1971 781 879 1468 
1972 1072 1538 1879 
1973 1025 816 1026 
1974 469 524 525 
1975 1021 966 1516 
1976 1430 1429 1623 
1977 672 666 673 
1978 1480 1478 1481 
1979 261 164 1483 
1980 160 161 280 
1981 722 727 768 
1982 525 751 767 
1983 614 780 781 
1984 1187 1186 2034 
1985 1312 1313 1999 
1986 493 613 614 
1987 963 1246 1247 
1988 280 161 1491 
1989 238 1119 1284 
1990 823 962 963 
1991 485 1518 1533 
1992 1262 584 1667 
1993 407 419 420 
1994 413 417 418 
1995 1071 856 1093 
1996 159 160 1494 
1997 1204 832 1205 
1998 767 856 1071 
1999 706 705 707 
2000 963 1248 1510 
2001 669 698 1831 
2002 1340 299 1924 
2003 338 339 340 
2004 933 934 1041 
2005 752 509 753 
2006 512 513 1827 
2007 211 212 1495 
2008 694 693 695 
2009 781 878 879 
2010 530 822 823 
2011 489 1464 1511 
2012 525 524 751 
2013 158 159 802 
2014 332 1571 2015 
2015 767 751 856 
2016 1434 847 1971 
2017 491 481 782 
2018 1518 1056 1533 
2019 588 1421 1560 
2020 469 525 1496 
2021 229 1070 1331 
2022 540 820 831 
2023 388 390 484 
2024 525 767 1499 
2025 824 971 1024 
2026 664 723 1579 
2027 1391 1043 1554 
2028 1783 526 1946 
2029 856 751 945 
2030 839 989 990 
2031 671 687 730 
2032 498 606 609 
2033 1203 832 1204 
2034 945 1497 1510 
2035 1497 823 1510 
2036 1499 767 1525 
2037 160 280 1494 
2038 1335 452 1772 
2039 984 985 986 
2040 831 832 1203 
2041 469 497 524 
2042 963 962 1246 
2043 880 924 1110 
2044 614 613 780 
2045 823 822 962 
2046 1345 1209 1609 
2047 503 490 539 
2048 1459 1099 1576 
2049 251 1572 2068 
2050 464 415 465 
2051 928 1249 2042 
2052 781 780 878 
2053 820 816 1025 
2054 540 816 820 
2055 540 539 816 
2056 609 610 880 
2057 530 497 531 
2058 417 464 469 
2059 802 159 1494 
2060 879 878 1280 
2061 992 993 994 
2062 831 820 832 
2063 1064 1024 1389 
2064 629 627 1356 
2065 854 853 855 
2066 1110 1111 1159 
2067 822 531 824 
2068 824 1024 1064 
2069 1360 1363 2005 
2070 751 524 1497 
2071 404 398 485 
2072 503 539 540 
2073 1521 1192 1784 
2074 1280 878 1281 
2075 143 144 1851 
2076 1208 1021 1209 
2077 524 497 530 
2078 493 503 613 
2079 469 464 497 
2080 397 403 405 
2081 780 613 946 
2082 1074 846 1121 
2083 1625 1300 1682 
2084 227 883 884 
2085 1142 1141 1143 
2086 530 823 1497 
2087 530 531 822 
2088 486 488 489 
2089 418 1496 1550 
2090 493 490 503 
2091 392 394 396 
2092 845 844 846 
2093 187 188 1756 
2094 311 536 1427 
2095 700 794 795 
2096 413 415 417 
2097 606 487 1533 
2098 1255 1254 1355 
2099 489 490 493 
2100 698 699 700 
2101 945 751 1497 
2102 1205 832 1500 
2103 932 741 938 
2104 417 415 464 
2105 1030 1029 1314 
2106 392 396 1487 
2107 477 474 1076 
2108 722 768 1445 
2109 1226 1225 1227 
2110 486 485 487 
2111 740 930 931 
2112 986 987 1011 
2113 488 487 498 
2114 405 409 413 
2115 524 530 1497 
2116 640 641 1382 
2117 1655 1567 1855 
2118 820 1025 1500 
2119 1043 1643 2051 
2120 1618 1231 1886 
2121 1077 1076 1078 
2122 404 485 486 
2123 26 304 1997 
2124 486 487 488 
2125 664 668 723 
2126 823 963 1510 
2127 413 409 415 
2128 393 391 483 
2129 1429 1219 1899 
2130 832 820 1500 
2131 489 488 490 
2132 540 831 1503 
2133 1937 1273 1988 
2134 1496 525 1499 
2135 1230 1229 1231 
2136 1658 1021 2030 
2137 1289 1291 1292 
2138 1380 1101 2085 
2139 1531 1026 1544 
2140 392 393 394 
2141 609 880 881 
2142 173 174 1523 
2143 897 828 898 
2144 456 1380 1803 
2145 603 602 933 
2146 1068 1028 1763 
2147 892 893 894 
2148 1146 1275 1633 
2149 1409 1395 1410 
2150 1020 718 1630 
2151 1046 1162 1659 
2152 2003 1360 2005 
2153 1175 312 1532 
2154 724 796 1736 
2155 633 635 636 
2156 405 403 409 
2157 1145 1146 1687 
2158 652 660 984 
2159 824 1064 1502 
2160 1572 251 1789 
2161 1096 1078 1336 
2162 822 824 1502 
2163 403 398 404 
2164 962 822 1502 
2165 503 540 1503 
2166 1530 200 1724 
2167 464 465 1504 
2168 1056 483 1419 
2169 390 391 392 
2170 613 503 1503 
2171 1222 23 1804 
2172 199 200 1530 
2173 535 534 602 
2174 531 497 1504 
2175 1007 965 1009 
2176 946 613 1503 
2177 1521 1109 1754 
2178 1011 1135 1271 
2179 982 1014 1113 
2180 484 390 1487 
2181 396 394 397 
2182 353 355 356 
2183 390 392 1487 
2184 497 464 1504 
2185 389 387 411 
2186 748 1406 1725 
2187 929 900 1293 
2188 397 394 398 
2189 539 490 1508 
2190 1129 932 1482 
2191 397 398 403 
2192 862 864 865 
2193 933 1041 1457 
2194 392 391 393 
2195 1526 881 1544 
2196 227 36 882 
2197 622 408 623 
2198 356 357 360 
2199 393 483 1056 
2200 693 692 1700 
2201 728 726 1517 
2202 1490 1508 1526 
2203 780 946 1509 
2204 1281 878 1509 
2205 1804 23 1876 
2206 878 780 1509 
2207 403 404 1506 
2208 535 603 740 
2209 535 602 603 
2210 488 498 1508 
2211 490 488 1508 
2212 636 637 638 
2213 409 403 1506 
2214 1784 1191 1990 
2215 890 891 892 
2216 1523 287 1712 
2217 735 580 1925 
2218 671 730 1519 
2219 1611 173 1910 
2220 930 741 932 
2221 930 932 1129 
2222 1756 188 1972 
2223 1402 1493 1914 
2224 336 337 338 
2225 1037 696 1673 
2226 740 741 930 
2227 740 603 741 
2228 1056 1419 1557 
2229 1251 1250 1728 
2230 568 566 569 
2231 865 870 871 
2232 939 876 974 
2233 172 173 1611 
2234 1539 1156 1881 
2235 293 1379 1547 
2236 263 199 1530 
2237 533 532 534 
2238 404 486 1511 
2239 390 389 391 
2240 729 843 844 
2241 886 889 890 
2242 1018 915 1019 
2243 1307 1306 1671 
2244 486 489 1511 
2245 1515 1140 2006 
2246 485 398 1518 
2247 1646 1288 1701 
2248 1490 1526 1544 
2249 216 217 1562 
2250 1130 1340 1924 
2251 1483 296 2000 
2252 319 320 321 
2253 1359 1360 2003 
2254 1101 764 1747 
2255 1094 1598 1870 
2256 1621 1105 1759 
2257 388 389 390 
2258 241 617 618 
2259 414 421 1383 
2260 995 1112 1183 
2261 283 1332 1333 
2262 1011 1271 1686 
2263 846 844 847 
2264 1736 1144 1985 
2265 759 797 798 
2266 679 678 680 
2267 383 385 399 
2268 533 534 535 
2269 118 119 1697 
2270 1684 1139 2041 
2271 1393 252 1583 
2272 938 741 1522 
2273 826 1082 2052 
2274 831 1203 1563 
2275 638 639 640 
2276 1506 404 1511 
2277 843 728 983 
2278 216 1562 1695 
2279 314 312 1175 
2280 609 881 1526 
2281 315 317 319 
2282 528 527 532 
2283 959 1371 1782 
2284 382 379 400 
2285 607 868 1616 
2286 1051 1050 1052 
2287 1139 1140 2041 
2288 727 728 729 
2289 1508 498 1526 
2290 1533 1056 1557 
2291 498 609 1526 
2292 1027 1422 1620 
2293 294 1395 1409 
2294 603 933 1522 
2295 988 1308 1893 
2296 1482 932 1525 
2297 1480 1481 1531 
2298 364 367 368 
2299 465 1575 1587 
2300 1009 1381 1871 
2301 394 393 1518 
2302 175 176 1580 
2303 1498 590 1654 
2304 548 547 549 
2305 1353 332 2015 
2306 1268 1298 2023 
2307 155 182 1872 
2308 757 758 759 
2309 562 561 565 
2310 938 1499 1525 
2311 964 1468 1587 
2312 933 1457 1522 
2313 1237 1238 1873 
2314 1224 942 1225 
2315 1569 799 1698 
2316 833 686 1742 
2317 1293 1294 2070 
2318 1110 1479 2009 
2319 318 316 330 
2320 961 765 1954 
2321 729 728 843 
2322 983 728 1517 
2323 528 532 533 
2324 1577 1639 1996 
2325 309 311 1427 
2326 398 394 1518 
2327 741 603 1522 
2328 843 983 1158 
2329 932 938 1525 
2330 919 766 920 
2331 311 313 536 
2332 605 476 607 
2333 393 1056 1518 
2334 1308 1067 1748 
2335 956 799 1569 
2336 354 352 408 
2337 208 209 1586 
2338 371 373 526 
2339 1443 1444 2053 
2340 544 542 545 
2341 388 387 389 
2342 954 935 1538 
2343 359 362 504 
2344 374 372 386 
2345 1299 1300 1625 
2346 1162 1047 1163 
2347 546 545 547 
2348 907 1267 1631 
2349 560 559 561 
2350 385 387 388 
2351 487 485 1533 
2352 1219 1589 1899 
2353 947 855 948 
2354 511 528 749 
2355 764 982 1747 
2356 465 415 1575 
2357 1489 1015 2061 
2358 1152 920 2067 
2359 511 510 527 
2360 705 731 1799 
2361 1108 1004 1109 
2362 868 954 1616 
2363 1966 1734 2044 
2364 157 158 1591 
2365 1548 833 1742 
2366 1395 1396 1629 
2367 1614 1657 1725 
2368 849 776 1636 
2369 1158 983 1297 
2370 526 1555 1556 
2371 722 726 727 
2372 727 726 728 
2373 1734 1018 2022 
2374 1376 1022 1634 
2375 838 839 1593 
2376 1499 938 1550 
2377 1840 261 1923 
2378 385 384 387 
2379 511 527 528 
2380 1181 1731 1732 
2381 852 854 1033 
2382 1171 1172 1201 
2383 1582 1345 1609 
2384 1286 1843 1953 
2385 470 461 476 
2386 1026 1490 1544 
2387 1308 1748 1893 
2388 1146 1633 1692 
2389 375 378 395 
2390 443 444 445 
2391 1687 1692 1911 
2392 1361 2003 2005 
2393 517 514 906 
2394 550 549 551 
2395 1144 1255 1985 
2396 773 775 908 
2397 1217 1216 1218 
2398 597 598 812 
2399 937 696 1037 
2400 1496 1499 1550 
2401 261 1483 1923 
2402 1470 1591 1849 
2403 847 844 1535 
2404 1079 262 1126 
2405 1149 1037 1866 
2406 383 384 385 
2407 363 361 376 
2408 883 882 912 
2409 721 686 833 
2410 331 330 712 
2411 1049 920 1050 
2412 427 425 428 
2413 1115 1766 2062 
2414 558 557 559 
2415 737 19 1777 
2416 1670 284 1671 
2417 844 843 1535 
2418 84 85 1240 
2419 982 818 1014 
2420 340 341 342 
2421 346 347 365 
2422 1986 1120 2058 
2423 1210 1209 1345 
2424 687 721 722 
2425 495 494 510 
2426 492 495 769 
2427 738 505 739 
2428 250 107 1087 
2429 409 1506 1575 
2430 1009 1467 1708 
2431 1071 1093 1840 
2432 1160 1111 1971 
2433 383 382 384 
2434 971 1602 1649 
2435 606 1533 1557 
2436 658 689 2088 
2437 87 88 1467 
2438 746 1647 2016 
2439 1394 1393 1677 
2440 1348 1367 1536 
2441 943 1010 1590 
2442 1174 1257 1258 
2443 359 504 1608 
2444 1178 792 1848 
2445 552 551 553 
2446 181 155 1872 
2447 344 345 346 
2448 380 382 383 
2449 1170 1400 1977 
2450 1148 1037 1149 
2451 321 322 323 
2452 1562 1281 1695 
2453 1002 999 1080 
2454 342 343 344 
2455 722 721 726 
2456 1830 1323 2080 
2457 1406 1318 1725 
2458 671 686 687 
2459 335 507 1571 
2460 719 914 1171 
2461 145 146 259 
2462 1506 1465 1575 
2463 217 257 1562 
2464 901 793 2093 
2465 91 277 1260 
2466 495 510 511 
2467 262 33 1622 
2468 1198 956 1569 
2469 843 1158 1535 
2470 946 1503 1563 
2471 681 1303 1590 
2472 380 379 382 
2473 595 596 597 
2474 755 756 757 
2475 1046 952 1047 
2476 1251 1443 2053 
2477 984 660 985 
2478 323 324 325 
2479 971 1504 1602 
2480 829 1031 1989 
2481 554 553 555 
2482 55 1193 1792 
2483 839 837 989 
2484 325 326 328 
2485 556 555 557 
2486 378 379 380 
2487 47 48 813 
2488 949 948 950 
2489 689 691 1581 
2490 644 646 647 
2491 477 1076 1077 
2492 521 519 541 
2493 482 492 1541 
2494 790 763 791 
2495 1426 1023 2069 
2496 978 980 1559 
2497 492 491 494 
2498 1575 1465 1587 
2499 1077 1078 1096 
2500 1462 1075 1757 
2501 591 592 595 
2502 1459 1577 1996 
2503 368 369 381 
2504 986 985 987 
2505 1503 831 1563 
2506 1070 89 1948 
2507 378 377 379 
2508 687 686 721 
2509 905 1495 1808 
2510 429 428 430 
2511 624 623 625 
2512 1005 1330 1818 
2513 1348 1366 1367 
2514 350 348 506 
2515 1183 1384 2065 
2516 1495 1204 1808 
2517 1074 1245 1757 
2518 1517 726 1561 
2519 1874 1668 1991 
2520 1034 830 1035 
2521 67 68 226 
2522 1011 987 1135 
2523 1605 1106 1829 
2524 628 627 629 
2525 1045 1599 1746 
2526 258 1155 1607 
2527 1367 1366 1368 
2528 375 377 378 
2529 1341 809 1768 
2530 247 842 1179 
2531 269 1415 2012 
2532 1405 1406 1635 
2533 1491 162 1679 
2534 492 494 495 
2535 197 198 1750 
2536 375 374 377 
2537 918 1856 1937 
2538 1507 634 1570 
2539 962 1502 1632 
2540 764 739 818 
2541 951 950 952 
2542 1697 1220 1870 
2543 264 215 1695 
2544 595 597 1980 
2545 163 261 1679 
2546 1010 1173 1174 
2547 805 966 1015 
2548 1536 1367 2092 
2549 277 92 1066 
2550 1370 690 1447 
2551 123 124 2027 
2552 1254 274 1817 
2553 670 667 717 
2554 708 707 709 
2555 958 1298 1337 
2556 415 409 1575 
2557 565 586 1416 
2558 93 230 1066 
2559 271 1466 1632 
2560 1055 54 2028 
2561 943 944 1010 
2562 201 256 1724 
2563 719 1171 1648 
2564 1143 1254 1255 
2565 661 653 662 
2566 177 178 1921 
2567 668 670 671 
2568 1346 1347 1348 
2569 787 711 1100 
2570 437 436 438 
2571 1587 1468 1602 
2572 1234 1230 1617 
2573 766 1914 2067 
2574 786 806 943 
2575 671 670 686 
2576 373 374 375 
2577 1117 1322 1323 
2578 992 990 993 
2579 1103 1296 1833 
2580 1348 1347 1366 
2581 1015 1208 2061 
2582 835 499 1373 
2583 1556 1555 1663 
2584 1288 608 1289 
2585 219 1473 1749 
2586 1831 698 2045 
2587 431 430 432 
2588 309 1427 1704 
2589 492 769 1541 
2590 281 187 1756 
2591 435 434 436 
2592 439 438 440 
2593 257 218 1749 
2594 2004 1179 2044 
2595 663 662 681 
2596 480 478 481 
2597 943 1590 1627 
2598 252 172 1611 
2599 620 876 939 
2600 1626 1428 1838 
2601 518 522 1601 
2602 482 481 491 
2603 913 718 1020 
2604 1427 1354 1704 
2605 801 798 981 
2606 915 685 1718 
2607 576 575 577 
2608 996 1605 2021 
2609 1744 1276 1942 
2610 368 367 369 
2611 224 1 1918 
2612 526 373 1555 
2613 1475 239 1839 
2614 1693 496 2060 
2615 373 372 374 
2616 1465 964 1587 
2617 1168 803 1182 
2618 669 656 697 
2619 626 625 627 
2620 1197 956 1198 
2621 500 1754 2026 
2622 1485 208 1586 
2623 182 1073 1872 
2624 375 395 1555 
2625 1602 1468 1649 
2626 631 629 1520 
2627 1433 381 2101 
2628 753 754 755 
2629 661 663 664 
2630 1002 1080 1540 
2631 433 432 434 
2632 1019 1180 1738 
2633 407 402 419 
2634 1234 1706 1716 
2635 1 157 1918 
2636 1073 1400 1666 
2637 338 337 339 
2638 336 333 337 
2639 664 667 668 
2640 482 491 492 
2641 1537 1200 1825 
2642 476 461 1942 
2643 1494 280 1715 
2644 900 896 1529 
2645 1125 1694 1921 
2646 1847 305 2080 
2647 441 440 442 
2648 279 1189 1926 
2649 810 22 1222 
2650 1470 1849 1958 
2651 248 737 1899 
2652 1103 1102 1104 
2653 158 802 1591 
2654 747 360 1072 
2655 777 73 1986 
2656 272 1387 1903 
2657 894 893 896 
2658 319 317 320 
2659 1574 147 1699 
2660 119 120 236 
2661 542 541 1425 
2662 811 1013 1665 
2663 1357 1358 1959 
2664 1253 701 1370 
2665 896 1184 1529 
2666 289 102 1282 
2667 1354 1427 1842 
2668 566 565 1416 
2669 1442 1412 1702 
2670 458 1803 2085 
2671 196 197 1892 
2672 1199 1287 1955 
2673 618 877 1882 
2674 972 770 1279 
2675 574 573 575 
2676 479 480 608 
2677 1346 1136 1347 
2678 721 833 1561 
2679 420 419 424 
2680 1174 1173 1257 
2681 1015 1021 1208 
2682 1893 1253 1929 
2683 632 634 652 
2684 920 766 2067 
2685 1135 1136 1346 
2686 995 1183 2065 
2687 668 667 670 
2688 994 993 995 
2689 572 571 573 
2690 967 849 1636 
2691 1642 795 2037 
2692 1042 1187 1643 
2693 23 24 1940 
2694 1068 1486 2021 
2695 232 41 1912 
2696 998 1106 1605 
2697 276 1007 1008 
2698 475 478 479 
2699 909 840 1250 
2700 645 784 917 
2701 411 387 1745 
2702 892 891 893 
2703 726 721 1561 
2704 371 372 373 
2705 976 978 1012 
2706 570 569 571 
2707 958 927 1298 
2708 533 1442 1702 
2709 666 655 1778 
2710 1174 1258 1865 
2711 793 1645 2093 
2712 1135 987 1136 
2713 354 408 622 
2714 647 648 654 
2715 309 228 310 
2716 1493 237 1597 
2717 1671 1306 1836 
2718 1244 1554 2051 
2719 776 772 1636 
2720 238 1284 1443 
2721 1150 1880 2008 
2722 578 577 579 
2723 483 391 1758 
2724 645 640 783 
2725 661 662 663 
2726 890 889 891 
2727 312 310 1532 
2728 516 515 2073 
2729 1621 34 1887 
2730 991 1486 1809 
2731 1344 1911 2060 
2732 1358 1359 2003 
2733 698 697 699 
2734 958 1338 1681 
2735 371 370 372 
2736 997 994 2065 
2737 480 481 482 
2738 678 1185 2038 
2739 1079 1126 1249 
2740 1010 944 1173 
2741 1384 467 2048 
2742 630 629 631 
2743 617 616 619 
2744 664 663 667 
2745 1504 465 1602 
2746 942 817 1553 
2747 760 599 1150 
2748 700 699 794 
2749 652 653 660 
2750 868 935 954 
2751 58 241 873 
2752 841 840 909 
2753 970 747 1578 
2754 175 1580 2011 
2755 302 178 1920 
2756 363 376 1576 
2757 318 330 331 
2758 1048 1028 1068 
2759 297 1476 1854 
2760 622 623 624 
2761 731 1349 1860 
2762 1126 262 1620 
2763 1297 983 1656 
2764 270 1484 1705 
2765 241 60 616 
2766 588 1560 1769 
2767 479 478 480 
2768 1932 1148 1970 
2769 1531 270 1705 
2770 1082 1277 1651 
2771 369 370 371 
2772 369 367 370 
2773 356 355 357 
2774 373 375 1555 
2775 632 631 633 
2776 759 758 797 
2777 1034 1035 1573 
2778 600 761 1237 
2779 1303 1507 1979 
2780 1052 1054 1211 
2781 425 424 1564 
2782 376 361 1807 
2783 445 446 449 
2784 1176 1431 1882 
2785 1455 1556 1663 
2786 340 339 341 
2787 605 607 923 
2788 1288 1289 1776 
2789 673 676 677 
2790 1289 608 1290 
2791 389 411 1758 
2792 808 1341 1342 
2793 1425 1566 1567 
2794 737 248 1898 
2795 1178 1848 2081 
2796 1633 1275 1822 
2797 1275 1276 1822 
2798 654 655 665 
2799 156 210 1931 
2800 1009 965 1467 
2801 1292 1712 1776 
2802 1098 1549 1913 
2803 660 653 661 
2804 1577 1065 1973 
2805 1584 1856 1874 
2806 356 746 1813 
2807 612 585 1614 
2808 209 156 1931 
2809 1064 1473 1901 
2810 632 633 634 
2811 837 835 1551 
2812 1292 1523 1712 
2813 1225 942 1553 
2814 943 806 944 
2815 364 366 367 
2816 105 1091 1092 
2817 1289 1290 1291 
2818 1221 1222 1804 
2819 511 749 1680 
2820 695 703 704 
2821 1344 1687 1911 
2822 1024 971 1649 
2823 1800 1095 1801 
2824 470 476 605 
2825 517 906 1565 
2826 1397 1364 2055 
2827 371 526 1783 
2828 1005 612 1006 
2829 1024 1649 1661 
2830 935 1145 1879 
2831 188 275 1972 
2832 890 1027 1759 
2833 453 458 1790 
2834 1410 1395 1629 
2835 652 634 653 
2836 236 120 1727 
2837 1555 395 1663 
2838 783 640 1382 
2839 1546 307 1766 
2840 887 885 888 
2841 1246 962 1632 
2842 321 320 322 
2843 472 473 505 
2844 382 400 1721 
2845 730 1366 2054 
2846 296 1413 2000 
2847 528 533 1702 
2848 757 756 758 
2849 1291 1290 1583 
2850 1208 1209 1210 
2851 1431 874 1882 
2852 364 363 366 
2853 720 1404 1996 
2854 1651 244 1652 
2855 888 1617 1618 
2856 465 1587 1602 
2857 628 629 630 
2858 1797 594 1999 
2859 519 517 1565 
2860 665 666 672 
2861 798 797 1612 
2862 462 471 472 
2863 475 474 477 
2864 1805 1113 1963 
2865 600 1237 1739 
2866 1451 1450 1660 
2867 804 99 1991 
2868 859 858 860 
2869 565 585 586 
2870 475 477 478 
2871 725 763 790 
2872 784 783 785 
2873 1151 1150 1512 
2874 477 1077 1568 
2875 105 106 1091 
2876 626 627 628 
2877 908 1542 1828 
2878 1599 1045 1738 
2879 922 1322 1984 
2880 253 1059 1134 
2881 1437 1132 2045 
2882 421 467 1383 
2883 328 326 329 
2884 809 537 2089 
2885 1263 246 1264 
2886 309 310 311 
2887 1393 1583 1765 
2888 1636 582 1907 
2889 796 1253 1893 
2890 473 471 474 
2891 736 814 899 
2892 1873 1238 2075 
2893 630 631 632 
2894 1378 1561 1890 
2895 580 579 581 
2896 1501 1175 2025 
2897 1142 1144 1304 
2898 1401 961 1869 
2899 315 316 317 
2900 424 779 1564 
2901 944 806 959 
2902 782 1568 1662 
2903 502 468 1326 
2904 680 693 694 
2905 1089 1374 1588 
2906 377 1536 2092 
2907 482 1541 1592 
2908 1293 900 1529 
2909 1389 1024 1661 
2910 769 495 1680 
2911 1425 541 1566 
2912 443 442 444 
2913 786 805 806 
2914 633 636 1570 
2915 645 783 784 
2916 1108 1521 1784 
2917 1026 1531 1705 
2918 360 357 1608 
2919 255 958 1681 
2920 786 785 805 
2921 1061 1514 1515 
2922 1313 1310 1512 
2923 941 1372 1645 
2924 1735 1794 1815 
2925 306 305 1847 
2926 628 630 720 
2927 1998 1187 2034 
2928 362 363 364 
2929 982 1610 1747 
2930 481 478 1568 
2931 1201 1172 1202 
2932 1876 23 1940 
2933 789 306 922 
2934 685 675 1718 
2935 874 618 1882 
2936 1479 1110 1933 
2937 1004 1002 1540 
2938 818 739 819 
2939 1171 914 1172 
2940 1468 879 1649 
2941 657 1858 2032 
2942 784 785 786 
2943 717 667 1596 
2944 317 316 318 
2945 1486 1068 1809 
2946 1231 1229 1235 
2947 939 974 1690 
2948 993 990 1637 
2949 928 929 1793 
2950 896 916 1184 
2951 1649 879 1661 
2952 1197 1955 1983 
2953 1099 1011 1686 
2954 1628 334 1690 
2955 1379 1378 1890 
2956 1615 1818 1938 
2957 1346 386 2043 
2958 362 361 363 
2959 1674 1693 2060 
2960 1343 1344 2060 
2961 313 314 315 
2962 1370 1447 1863 
2963 587 1573 1820 
2964 1232 1233 1906 
2965 1006 612 1614 
2966 1286 291 1843 
2967 989 837 1551 
2968 323 322 324 
2969 96 274 1141 
2970 638 640 645 
2971 253 1058 1059 
2972 661 664 1579 
2973 359 361 362 
2974 990 989 1637 
2975 985 660 1579 
2976 541 519 1565 
2977 545 542 1425 
2978 1012 978 1559 
2979 383 399 2078 
2980 315 314 316 
2981 1103 1104 1296 
2982 1180 915 1718 
2983 311 310 312 
2984 1113 1014 1114 
2985 342 341 343 
2986 423 416 1604 
2987 586 612 830 
2988 549 547 734 
2989 346 345 347 
2990 1435 1211 1995 
2991 1579 723 1709 
2992 226 68 1206 
2993 325 324 326 
2994 624 625 626 
2995 311 312 313 
2996 1576 1099 1686 
2997 1279 770 1676 
2998 331 712 718 
2999 995 993 1000 
3000 359 358 361 
3001 478 477 1568 
3002 16 1625 1682 
3003 344 343 345 
3004 851 849 967 
3005 424 770 779 
3006 379 377 2092 
3007 449 450 453 
3008 553 551 590 
3009 1566 1335 1567 
3010 634 633 1570 
3011 1546 1108 1784 
3012 1140 1314 2006 
3013 995 1000 1112 
3014 61 62 2082 
3015 677 678 679 
3016 861 860 862 
3017 1428 916 1838 
3018 565 561 585 
3019 372 370 1945 
3020 313 312 314 
3021 879 1280 1661 
3022 880 1110 2009 
3023 1079 1249 1811 
3024 896 893 916 
3025 1018 1019 1737 
3026 559 557 748 
3027 1236 1285 1830 
3028 663 681 1596 
3029 755 754 756 
3030 453 454 458 
3031 357 358 359 
3032 622 624 1065 
3033 1469 337 1994 
3034 132 235 1332 
3035 277 1066 1067 
3036 1048 1068 2021 
3037 1407 1528 1912 
3038 972 1279 1321 
3039 1290 608 1592 
3040 835 1373 1551 
3041 366 363 1576 
3042 353 354 355 
3043 1873 922 1984 
3044 608 480 1592 
3045 981 798 1612 
3046 747 1072 1578 
3047 428 425 1564 
3048 733 826 827 
3049 802 1494 1957 
3050 886 887 889 
3051 1052 1211 1435 
3052 1563 1203 1854 
3053 745 766 919 
3054 704 705 706 
3055 1532 310 2010 
3056 1038 79 1039 
3057 162 163 1679 
3058 472 471 473 
3059 1076 1650 1814 
3060 1204 1495 2095 
3061 473 474 475 
3062 1461 1463 1779 
3063 846 847 1909 
3064 1201 1202 1558 
3065 1495 297 2095 
3066 281 1582 1932 
3067 871 1305 2057 
3068 1832 1160 1971 
3069 980 1354 1842 
3070 501 529 1754 
3071 357 355 358 
3072 955 956 1196 
3073 366 1576 1686 
3074 794 968 1036 
3075 965 87 1467 
3076 913 1020 1132 
3077 1008 1007 1543 
3078 480 482 1592 
3079 1432 281 1932 
3080 1113 1114 1125 
3081 753 509 754 
3082 660 661 1579 
3083 1542 1252 1828 
3084 797 758 799 
3085 797 799 955 
3086 353 352 354 
3087 1590 1303 1627 
3088 1015 1489 1949 
3089 289 1282 1283 
3090 1387 1386 1624 
3091 937 1037 1148 
3092 1163 1215 1216 
3093 1573 587 1726 
3094 1586 905 1808 
3095 522 808 1601 
3096 424 419 770 
3097 1027 1620 1621 
3098 645 917 1669 
3099 432 430 496 
3100 1705 1484 1877 
3101 688 669 1831 
3102 983 1517 1656 
3103 1520 1036 1788 
3104 1376 1634 1917 
3105 215 216 1695 
3106 1051 1052 1435 
3107 513 516 1827 
3108 667 663 1596 
3109 686 670 1742 
3110 1592 1541 1765 
3111 1142 1143 1144 
3112 860 858 1988 
3113 438 436 459 
3114 1010 1174 1638 
3115 347 345 348 
3116 53 54 1055 
3117 1865 1258 2049 
3118 541 1565 1566 
3119 656 650 1585 
3120 1072 360 1608 
3121 269 1407 1969 
3122 923 607 1616 
3123 504 1537 1825 
3124 1686 1271 1710 
3125 347 348 349 
3126 884 885 886 
3127 779 770 972 
3128 1290 1592 1765 
3129 1077 1096 1662 
3130 75 76 750 
3131 999 997 1796 
3132 495 511 1680 
3133 136 137 1595 
3134 462 461 470 
3135 1296 1104 1600 
3136 969 1423 1647 
3137 1211 1054 1594 
3138 1025 1026 1705 
3139 955 799 956 
3140 794 699 968 
3141 1474 1098 1913 
3142 1068 1763 1785 
3143 1382 644 1770 
3144 198 263 1750 
3145 1560 1227 1769 
3146 466 500 1729 
3147 1794 1295 1815 
3148 1049 1050 1051 
3149 1632 1502 1901 
3150 586 585 612 
3151 889 887 895 
3152 1196 956 1197 
3153 968 1446 1788 
3154 377 374 1867 
3155 1260 1070 1948 
3156 341 339 621 
3157 1895 1120 1986 
3158 402 365 1676 
3159 351 352 353 
3160 1145 1578 1879 
3161 475 479 1646 
3162 280 1492 1715 
3163 1289 1292 1776 
3164 619 1191 1192 
3165 349 348 350 
3166 62 1115 2062 
3167 756 754 1128 
3168 326 324 327 
3169 830 612 1005 
3170 72 73 777 
3171 456 455 461 
3172 790 791 1675 
3173 1614 585 1657 
3174 99 234 1991 
3175 1091 250 1859 
3176 322 320 538 
3177 632 652 1664 
3178 1425 1567 1655 
3179 1313 1512 2008 
3180 1554 1043 2051 
3181 591 581 592 
3182 1717 1304 1748 
3183 1405 1635 2099 
3184 226 1206 1207 
3185 21 810 1713 
3186 929 1293 2070 
3187 200 201 1724 
3188 1109 1004 1540 
3189 462 470 471 
3190 349 350 351 
3191 886 885 887 
3192 1437 700 1642 
3193 351 350 352 
3194 32 262 1079 
3195 855 853 1212 
3196 681 1590 1638 
3197 611 836 1947 
3198 750 76 1917 
3199 673 677 1714 
3200 1075 1074 1757 
3201 1227 1225 1769 
3202 919 920 1049 
3203 697 656 1585 
3204 791 858 859 
3205 454 450 455 
3206 1372 1223 2012 
3207 114 1401 2001 
3208 357 359 1608 
3209 1597 292 1598 
3210 331 718 719 
3211 1136 987 1709 
3212 1000 993 1637 
3213 329 1469 1994 
3214 1088 1087 1123 
3215 859 861 1153 
3216 1060 1058 1061 
3217 797 955 1612 
3218 456 461 462 
3219 974 976 1628 
3220 119 236 1697 
3221 1027 1621 1759 
3222 1569 1698 1915 
3223 1088 1124 1305 
3224 1536 377 1867 
3225 1516 1767 2030 
3226 1848 1118 2081 
3227 1237 1873 1984 
3228 815 1543 1871 
3229 146 147 1574 
3230 358 1619 1807 
3231 749 528 1702 
3232 218 219 1749 
3233 1035 830 1615 
3234 569 566 1416 
3235 955 1196 1613 
3236 1140 1030 1314 
3237 1117 812 1322 
3238 1477 1563 1854 
3239 1133 1774 2076 
3240 719 913 914 
3241 370 367 1710 
3242 714 672 1081 
3243 1374 1090 1752 
3244 1568 1077 1662 
3245 912 882 1414 
3246 575 573 587 
3247 395 378 1956 
3248 231 1941 2059 
3249 1139 1684 1905 
3250 679 680 1673 
3251 1033 1424 1689 
3252 888 885 1897 
3253 1596 681 1638 
3254 103 251 1282 
3255 384 382 1721 
3256 1955 1287 1983 
3257 1364 1362 1950 
3258 1514 1140 1515 
3259 121 290 1727 
3260 1635 1406 2087 
3261 626 628 1639 
3262 773 908 1828 
3263 454 455 456 
3264 801 981 1939 
3265 86 87 965 
3266 909 1250 1251 
3267 1129 1923 2000 
3268 1014 818 1640 
3269 381 369 1783 
3270 1619 1065 1807 
3271 135 136 278 
3272 1062 1594 1913 
3273 1185 1350 2038 
3274 387 384 1745 
3275 1423 1343 2033 
3276 739 505 1701 
3277 384 1721 1745 
3278 328 329 1994 
3279 665 672 714 
3280 808 1342 1601 
3281 719 718 913 
3282 712 736 1630 
3283 1687 1146 1692 
3284 628 720 1639 
3285 1342 1696 2073 
3286 1589 1219 1787 
3287 354 622 1619 
3288 1542 908 2017 
3289 597 596 598 
3290 950 948 953 
3291 1612 955 1613 
3292 647 654 659 
3293 987 985 1709 
3294 445 444 446 
3295 547 545 1655 
3296 960 1381 2002 
3297 1059 1060 1062 
3298 1880 601 2008 
3299 714 1081 1658 
3300 320 317 1606 
3301 1528 232 1912 
3302 1385 1534 1953 
3303 1538 504 1825 
3304 649 657 1878 
3305 444 442 447 
3306 505 473 1646 
3307 1059 1062 1549 
3308 391 389 1758 
3309 865 871 1045 
3310 467 1729 2048 
3311 1165 1857 1925 
3312 976 1012 1628 
3313 695 704 1760 
3314 1007 1009 1871 
3315 718 712 1630 
3316 1019 915 1180 
3317 1894 295 1975 
3318 47 813 1835 
3319 1243 278 1934 
3320 1493 1152 1914 
3321 891 889 1626 
3322 1136 1709 1902 
3323 1328 181 1872 
3324 706 707 708 
3325 551 549 1654 
3326 595 592 596 
3327 1163 1047 1215 
3328 463 1761 1762 
3329 981 1612 1696 
3330 1493 1597 1598 
3331 419 402 1676 
3332 925 1419 1993 
3333 1044 1534 1980 
3334 358 355 1619 
3335 875 1120 2066 
3336 453 450 454 
3337 859 860 861 
3338 277 1067 1426 
3339 111 112 1728 
3340 884 883 885 
3341 1834 1170 1951 
3342 861 862 863 
3343 760 1150 1151 
3344 985 1579 1709 
3345 287 1711 1712 
3346 561 559 1657 
3347 1267 1268 1894 
3348 355 354 1619 
3349 506 1399 1950 
3350 1191 1190 1456 
3351 474 471 1650 
3352 1092 1091 1505 
3353 1156 1539 1861 
3354 1484 298 1877 
3355 1832 1771 2047 
3356 317 318 1606 
3357 1486 996 2021 
3358 1633 447 1707 
3359 1538 935 1879 
3360 1046 1659 2086 
3361 1427 536 1842 
3362 672 673 1714 
3363 788 1095 1800 
3364 460 453 1790 
3365 8 9 305 
3366 670 717 1742 
3367 1407 1912 1969 
3368 1505 1091 1859 
3369 1219 1218 1787 
3370 1319 1320 1976 
3371 791 859 1675 
3372 723 1519 1902 
3373 436 434 1674 
3374 936 696 937 
3375 35 36 227 
3376 1264 246 1266 
3377 1610 1016 1747 
3378 247 841 842 
3379 792 901 1848 
3380 812 598 1739 
3381 1570 636 1669 
3382 1134 1059 1549 
3383 1031 1740 1989 
3384 458 1755 1790 
3385 1021 1516 2030 
3386 936 937 1582 
3387 1314 1029 1799 
3388 742 1834 1853 
3389 227 884 1105 
3390 636 638 1669 
3391 1025 1705 1877 
3392 1676 365 1868 
3393 1037 1819 1866 
3394 1489 959 1949 
3395 1419 483 1982 
3396 818 819 1640 
3397 241 618 873 
3398 1189 25 1926 
3399 622 1065 1619 
3400 305 9 1644 
3401 819 739 1701 
3402 974 1628 1690 
3403 300 1470 1958 
3404 473 475 1646 
3405 1082 1864 2052 
3406 289 1283 1584 
3407 1171 1201 2084 
3408 630 632 1664 
3409 1088 1305 1859 
3410 1260 277 1426 
3411 1023 1331 2069 
3412 927 926 1775 
3413 682 696 936 
3414 1485 1205 2035 
3415 1367 1368 1773 
3416 297 1854 2095 
3417 579 577 594 
3418 1850 778 2077 
3419 30 282 1735 
3420 1573 1753 1820 
3421 278 1595 1934 
3422 827 828 897 
3423 246 129 1274 
3424 290 1098 1301 
3425 449 446 450 
3426 1543 1007 1871 
3427 1131 1306 1307 
3428 830 1005 1615 
3429 470 605 1650 
3430 682 679 696 
3431 265 1713 1908 
3432 638 645 1669 
3433 889 895 1626 
3434 1671 284 1672 
3435 1204 1205 1808 
3436 271 1632 1901 
3437 897 898 1130 
3438 1268 1040 1768 
3439 1590 1010 1638 
3440 1085 1221 1804 
3441 1735 282 1794 
3442 1660 395 1956 
3443 249 196 1892 
3444 921 1402 1914 
3445 1341 1768 1939 
3446 516 1613 1827 
3447 677 679 682 
3448 1711 1640 1712 
3449 231 1751 1941 
3450 1820 1312 1999 
3451 1535 1158 1771 
3452 720 630 1664 
3453 26 1997 1998 
3454 736 899 1630 
3455 1176 1882 2064 
3456 430 428 1685 
3457 734 547 1655 
3458 1249 1126 2042 
3459 1211 1594 1935 
3460 505 1646 1701 
3461 708 709 711 
3462 112 113 238 
3463 944 959 1782 
3464 545 1425 1655 
3465 1234 1617 1706 
3466 680 694 1673 
3467 549 734 1654 
3468 1451 1956 2078 
3469 585 561 1657 
3470 307 1546 1990 
3471 1307 1671 1672 
3472 69 1365 1930 
3473 694 695 1760 
3474 1818 451 1938 
3475 133 134 235 
3476 559 748 1657 
3477 1652 301 1752 
3478 590 551 1654 
3479 308 1704 1928 
3480 67 226 1763 
3481 367 366 1710 
3482 1634 750 1917 
3483 742 787 1170 
3484 239 1475 1895 
3485 1032 1084 2063 
3486 1612 1613 1696 
3487 1583 1290 1765 
3488 709 733 1603 
3489 967 1667 1919 
3490 1037 1673 1819 
3491 1828 1252 2098 
3492 1279 1676 1868 
3493 1173 944 1782 
3494 1126 1422 2042 
3495 369 371 1783 
3496 1059 1058 1060 
3497 1482 1071 1840 
3498 1502 1064 1901 
3499 771 773 1828 
3500 1595 1277 1934 
3501 1534 1182 1980 
3502 434 432 1693 
3503 859 1153 1675 
3504 1082 1651 1864 
3505 318 331 1648 
3506 1709 723 1902 
3507 959 806 1949 
3508 1267 1894 1975 
3509 471 470 1650 
3510 1951 1170 1977 
3511 1594 1063 1935 
3512 555 1635 2087 
3513 450 446 1744 
3514 1512 1150 2008 
3515 238 113 1119 
3516 600 760 761 
3517 770 419 1676 
3518 538 320 1606 
3519 1304 1144 1736 
3520 1698 1128 1915 
3521 910 1665 1964 
3522 1088 1123 1124 
3523 1225 1553 1769 
3524 742 711 787 
3525 1237 761 1238 
3526 704 706 710 
3527 904 903 1016 
3528 1432 1932 1970 
3529 711 709 1603 
3530 1476 1477 1854 
3531 989 1551 1762 
3532 1398 1720 1960 
3533 1125 1114 1580 
3534 27 28 1244 
3535 899 814 1929 
3536 1051 1435 1700 
3537 598 596 599 
3538 677 682 1714 
3539 459 436 1674 
3540 919 1049 1350 
3541 440 438 1691 
3542 1567 1335 1772 
3543 799 758 1698 
3544 1755 1151 1790 
3545 1574 1699 1836 
3546 1080 999 1796 
3547 1062 1060 1063 
3548 273 1385 1953 
3549 1292 1291 1910 
3550 598 599 600 
3551 1020 1630 1863 
3552 1635 555 2099 
3553 1534 1286 1953 
3554 1617 888 1706 
3555 1301 1098 1474 
3556 1813 746 2016 
3557 496 430 1685 
3558 1877 298 2035 
3559 841 909 910 
3560 683 1599 1738 
3561 1331 1070 2069 
3562 696 679 1673 
3563 337 333 1994 
3564 229 1331 1708 
3565 1451 1660 1956 
3566 916 893 1838 
3567 758 756 1698 
3568 1058 1057 1841 
3569 1554 1244 2013 
3570 847 1535 1832 
3571 618 617 877 
3572 303 306 788 
3573 573 571 1726 
3574 1242 1164 1243 
3575 455 450 1744 
3576 1637 989 1762 
3577 1177 259 1781 
3578 1047 952 1723 
3579 908 1529 2017 
3580 600 599 760 
3581 428 1564 1685 
3582 952 950 1730 
3583 708 711 742 
3584 619 1192 2040 
3585 1447 1020 1863 
3586 1696 516 2073 
3587 1114 1014 1711 
3588 1336 1078 2101 
3589 264 1695 1900 
3590 1000 1637 1761 
3591 1559 980 1842 
3592 1691 459 1692 
3593 1120 1895 2066 
3594 245 11 1236 
3595 244 1651 2072 
3596 1381 1708 2002 
3597 1535 1771 1832 
3598 250 1087 1088 
3599 912 1414 1716 
3600 1667 1212 1919 
3601 1081 672 1714 
3602 1297 1656 1892 
3603 1572 1273 1937 
3604 699 697 1722 
3605 432 496 1693 
3606 1122 1852 2019 
3607 1066 230 1717 
3608 238 1443 1728 
3609 858 918 1988 
3610 366 1686 1710 
3611 1811 1249 2083 
3612 954 1538 1825 
3613 1218 1216 1774 
3614 1124 1123 1734 
3615 805 1015 1949 
3616 347 349 1868 
3617 1365 1607 2063 
3618 331 719 1648 
3619 442 440 1707 
3620 21 22 810 
3621 1264 1266 1514 
3622 1128 754 1733 
3623 509 502 1733 
3624 329 326 1720 
3625 1014 1640 1711 
3626 1281 1509 1900 
3627 592 581 601 
3628 348 345 1844 
3629 698 1437 2045 
3630 1500 1025 1877 
3631 923 1433 1891 
3632 458 454 1803 
3633 1473 271 1901 
3634 904 1016 1610 
3635 557 555 2087 
3636 1706 888 1897 
3637 1160 1832 2047 
3638 226 1207 1785 
3639 1271 1135 2043 
3640 1113 1125 1963 
3641 1172 1642 2037 
3642 502 1326 1733 
3643 16 17 1625 
3644 1586 209 1931 
3645 968 699 1722 
3646 1463 1773 1779 
3647 438 459 1691 
3648 1606 318 1648 
3649 327 324 1764 
3650 29 1735 1815 
3651 1272 1572 1789 
3652 1552 1239 1688 
3653 1613 516 1696 
3654 1061 1058 1841 
3655 526 1556 1946 
3656 1036 968 1788 
3657 851 967 1919 
3658 298 1485 2035 
3659 1248 1247 1957 
3660 733 827 1603 
3661 1183 1112 1845 
3662 1668 804 1991 
3663 278 136 1595 
3664 1404 1459 1996 
3665 863 862 1746 
3666 605 923 1814 
3667 1573 1035 1753 
3668 756 1128 1698 
3669 1774 1133 2024 
3670 245 1236 1830 
3671 290 1301 1727 
3672 862 865 1746 
3673 1258 1548 2049 
3674 704 710 1760 
3675 743 745 1806 
3676 1470 224 1918 
3677 555 553 2099 
3678 361 358 1807 
3679 242 64 1743 
3680 1111 1434 1971 
3681 1107 1546 1766 
3682 256 1479 1933 
3683 3 4 1095 
3684 374 386 1867 
3685 1202 1172 2037 
3686 893 891 1838 
3687 326 327 1720 
3688 1674 434 1693 
3689 587 573 1726 
3690 1291 1611 1910 
3691 454 456 1803 
3692 813 48 2018 
3693 210 905 1931 
3694 577 575 1741 
3695 644 647 1770 
3696 1238 761 1239 
3697 386 372 1945 
3698 1180 1718 1778 
3699 1716 268 1978 
3700 1125 1580 1694 
3701 1322 812 1739 
3702 1609 1081 1967 
3703 1746 1599 2019 
3704 1242 1243 1740 
3705 1527 1369 1922 
3706 1912 42 1969 
3707 455 1744 1942 
3708 157 1591 1918 
3709 626 1639 1973 
3710 1884 1202 1885 
3711 1189 1033 1689 
3712 142 243 1545 
3713 1768 1040 1939 
3714 1335 1566 1795 
3715 1067 1066 1717 
3716 1456 307 1990 
3717 731 1860 2006 
3718 1121 846 1909 
3719 697 1585 1722 
3720 1689 1424 1751 
3721 447 442 1707 
3722 754 509 1733 
3723 1665 1251 2053 
3724 1241 1943 2100 
3725 1699 267 1836 
3726 1350 1823 2038 
3727 1648 1171 1927 
3728 1482 1840 1923 
3729 1565 906 1795 
3730 1532 1008 1992 
3731 144 1177 1851 
3732 1129 1482 1923 
3733 1650 605 1814 
3734 1740 1083 1989 
3735 891 1626 1838 
3736 242 1743 1786 
3737 2029 351 2079 
3738 324 322 1764 
3739 1730 953 1731 
3740 939 1690 2015 
3741 702 1435 1995 
3742 1704 285 1928 
3743 619 1190 1191 
3744 1885 795 1959 
3745 1321 2029 2079 
3746 1519 730 2054 
3747 274 97 1817 
3748 1591 802 1849 
3749 234 1584 1874 
3750 1683 273 1843 
3751 1110 1159 1933 
3752 654 665 1767 
3753 1566 1565 1795 
3754 1523 1292 1910 
3755 1500 1877 2035 
3756 665 714 1767 
3757 895 887 2056 
3758 231 1876 1940 
3759 1589 1169 1888 
3760 742 1170 1834 
3761 1065 624 1973 
3762 575 587 1741 
3763 788 306 789 
3764 717 1865 2049 
3765 259 1574 1837 
3766 897 1130 1719 
3767 145 259 1177 
3768 1191 1456 1990 
3769 1729 1080 2048 
3770 1245 1121 1982 
3771 883 912 1897 
3772 400 379 2092 
3773 1761 1637 1762 
3774 365 347 1868 
3775 269 44 1415 
3776 1212 853 1919 
3777 1773 1368 1779 
3778 1540 1080 2071 
3779 1238 1239 1552 
3780 322 538 1764 
3781 1284 1119 1869 
3782 950 953 1730 
3783 863 1746 2019 
3784 903 1873 2075 
3785 1175 1532 1992 
3786 1040 801 1939 
3787 873 618 874 
3788 598 600 1739 
3789 1902 1519 2054 
3790 745 919 1806 
3791 1444 1954 2053 
3792 1347 1136 1902 
3793 1016 903 2075 
3794 1443 1284 1444 
3795 717 1596 1865 
3796 1215 1047 1723 
3797 571 569 1802 
3798 771 1828 2098 
3799 647 659 1770 
3800 1192 1191 1784 
3801 1561 833 1890 
3802 659 654 1767 
3803 1930 1365 2063 
3804 1332 235 2039 
3805 1656 249 1892 
3806 1112 1000 1850 
3807 1118 523 2081 
3808 795 1885 2037 
3809 10 245 1644 
3810 1153 861 1780 
3811 1063 1860 1935 
3812 1135 1346 2043 
3813 282 1811 2083 
3814 881 880 2009 
3815 1298 927 2023 
3816 1067 1717 1748 
3817 349 351 2029 
3818 290 1097 1098 
3819 865 1045 1746 
3820 1772 452 1976 
3821 1567 1772 1855 
3822 243 143 1851 
3823 378 380 1956 
3824 619 616 1190 
3825 1775 295 1894 
3826 1203 1204 2095 
3827 1205 1500 2035 
3828 1080 1796 2048 
3829 178 302 1921 
3830 240 1815 1816 
3831 1096 1336 1946 
3832 1821 447 1822 
3833 1941 1441 2059 
3834 1000 1761 1850 
3835 1013 1678 1964 
3836 1631 1267 1975 
3837 1399 1364 1950 
3838 63 242 1883 
3839 1613 1196 1827 
3840 440 1691 1707 
3841 1678 1194 2074 
3842 1896 1195 2088 
3843 594 577 1741 
3844 905 1586 1931 
3845 1868 349 2029 
3846 1780 1852 1944 
3847 1692 459 1911 
3848 1681 813 2018 
3849 1231 1235 1886 
3850 295 1775 1798 
3851 74 750 1839 
3852 1151 1755 1965 
3853 567 771 2098 
3854 853 851 1919 
3855 1723 952 1730 
3856 1530 1160 2047 
3857 855 1212 1962 
3858 569 1416 1802 
3859 902 789 903 
3860 263 1530 2047 
3861 789 922 1873 
3862 1340 1307 1812 
3863 345 343 1844 
3864 1744 446 1821 
3865 53 1055 1826 
3866 1580 176 1694 
3867 1767 714 2030 
3868 1659 810 2086 
3869 1060 1061 1810 
3870 1347 1902 2054 
3871 814 988 1929 
3872 1061 1515 1810 
3873 1884 1885 2091 
3874 1639 1577 1973 
3875 1956 380 2078 
3876 904 1610 1805 
3877 861 863 1780 
3878 1167 1589 1787 
3879 937 1148 1932 
3880 1596 1638 1865 
3881 115 116 237 
3882 1615 1005 1818 
3883 1741 587 1820 
3884 936 1609 1967 
3885 1581 790 1896 
3886 1726 571 1802 
3887 333 328 1994 
3888 953 948 1962 
3889 1732 953 1962 
3890 380 383 2078 
3891 1781 259 1837 
3892 1212 1732 1962 
3893 1641 1176 2064 
3894 1127 1668 1874 
3895 259 146 1574 
3896 1068 1785 1809 
3897 1719 1100 1968 
3898 1815 1295 1816 
3899 1659 1162 1908 
3900 994 995 2065 
3901 27 1244 2036 
3902 461 455 1942 
3903 1578 1072 1879 
3904 1598 292 1870 
3905 1737 871 2057 
3906 1591 1470 1918 
3907 1529 1184 2017 
3908 310 228 2010 
3909 1363 1398 2005 
3910 32 33 262 
3911 1695 1281 1900 
3912 290 122 1097 
3913 581 579 1797 
3914 351 353 2079 
3915 1571 939 2015 
3916 912 1706 1897 
3917 1387 1624 1903 
3918 1836 1306 1837 
3919 142 143 243 
3920 1763 226 1785 
3921 1428 564 2100 
3922 1211 1935 1995 
3923 1630 899 1863 
3924 1584 1283 1856 
3925 1904 1055 2028 
3926 1669 917 1979 
3927 1366 1347 2054 
3928 444 447 1821 
3929 307 1456 2082 
3930 1558 1202 1884 
3931 1858 1195 1896 
3932 235 1164 1242 
3933 1239 761 1965 
3934 1277 1595 2072 
3935 806 805 1949 
3936 873 874 1881 
3937 1652 1752 1864 
3938 1645 1116 2093 
3939 1651 1277 2072 
3940 919 1350 1806 
3941 842 1966 2044 
3942 1279 1868 2029 
3943 1651 1652 1864 
3944 1051 1700 1823 
3945 1638 1174 1865 
3946 1774 1216 2076 
3947 1184 916 1943 
3948 1197 1198 1955 
3949 37 38 268 
3950 1743 1137 1786 
3951 1084 1930 2063 
3952 1234 1716 1978 
3953 811 1665 2053 
3954 599 596 1880 
3955 1131 1307 1340 
3956 1121 1909 1993 
3957 1049 1051 1823 
3958 888 1618 2056 
3959 967 1636 1907 
3960 1951 288 1970 
3961 903 789 1873 
3962 150 284 1670 
3963 1739 1237 1984 
3964 1012 1559 1922 
3965 1069 1845 1846 
3966 1772 1320 1855 
3967 579 594 1797 
3968 1852 1138 1944 
3969 885 883 1897 
3970 948 855 1962 
3971 902 903 904 
3972 1862 18 1898 
3973 1140 1514 2041 
3974 225 1791 1904 
3975 58 59 241 
3976 1997 1187 1998 
3977 1582 937 1932 
3978 446 444 1821 
3979 624 626 1973 
3980 1570 1669 1979 
3981 1600 1104 2050 
3982 115 237 1403 
3983 708 742 1853 
3984 1063 1060 1810 
3985 1731 589 1974 
3986 1862 1888 1981 
3987 601 581 1797 
3988 1920 1095 2031 
3989 1673 694 1819 
3990 1753 1312 1820 
3991 1543 815 2025 
3992 1854 1203 2095 
3993 1581 1896 2088 
3994 1114 1711 2011 
3995 1780 863 1852 
3996 1940 24 2007 
3997 1789 251 1987 
3998 1845 1112 2077 
3999 1599 1122 2019 
4000 62 2062 2082 
4001 1469 1397 2055 
4002 760 1151 1965 
4003 295 1826 1975 
4004 682 936 1967 
4005 1444 961 1954 
4006 1675 1153 1858 
4007 1321 1279 2029 
4008 694 1760 1819 
4009 250 1088 1859 
4010 1361 1884 2091 
4011 1095 902 2031 
4012 1846 1845 2077 
4013 1714 682 1967 
4014 1018 1737 2022 
4015 1960 1361 2005 
4016 1945 1271 2043 
4017 1350 1049 1823 
4018 1153 1780 2032 
4019 1889 265 1908 
4020 1719 1130 1924 
4021 1823 692 2038 
4022 1215 1723 1875 
4023 1008 1543 1992 
4024 1333 1332 2039 
4025 714 1658 2030 
4026 1167 1787 1857 
4027 790 1675 1896 
4028 1711 287 2011 
4029 1282 251 2068 
4030 255 1681 2018 
4031 1690 1353 2015 
4032 283 1333 1905 
4033 1643 304 2051 
4034 235 134 1164 
4035 1605 1048 2021 
4036 589 1731 2046 
4037 1574 1836 1837 
4038 304 1643 1997 
4039 1081 1714 1967 
4040 81 308 1928 
4041 1761 1339 1850 
4042 1764 538 2084 
4043 1080 1729 2071 
4044 748 557 2087 
4045 761 760 1965 
4046 1507 1570 1979 
4047 1063 1810 1860 
4048 1338 1600 2050 
4049 1210 1756 1972 
4050 282 31 1811 
4051 710 706 1853 
4052 1796 1384 2048 
4053 1321 1813 2016 
4054 1643 1187 1997 
4055 553 590 2099 
4056 902 904 2031 
4057 596 592 1880 
4058 1742 717 2049 
4059 1876 231 2059 
4060 1456 61 2082 
4061 788 789 902 
4062 972 1321 2016 
4063 706 708 1853 
4064 5 1800 1801 
4065 617 619 2040 
4066 1116 1833 2093 
4067 1952 895 2056 
4068 1549 1062 1913 
4069 887 888 2056 
4070 1884 1361 1960 
4071 1814 923 1891 
4072 1794 282 2083 
4073 1179 842 2044 
4074 1514 1266 2041 
4075 1751 231 2007 
4076 459 1674 1911 
4077 1242 1740 2094 
4078 1954 811 2053 
4079 1921 302 1963 
4080 1684 283 1905 
4081 788 902 1095 
4082 1647 972 2016 
4083 1092 1789 1987 
4084 1824 1232 1906 
4085 1755 1239 1965 
4086 1125 1921 1963 
4087 1885 1202 2037 
4088 1927 1171 2084 
4089 1247 1849 1957 
4090 1552 1016 2075 
4091 1781 1147 2096 
4092 1775 926 1798 
4093 1731 1181 2046 
4094 1725 1318 2020 
4095 1751 1424 1941 
4096 1109 1540 2026 
4097 1149 1834 1951 
4098 1323 1847 2080 
4099 897 1719 1968 
4100 90 1260 1948 
4101 1665 1013 1964 
4102 592 601 1880 
4103 1398 1960 2005 
4104 2003 1361 2091 
4105 1216 1215 2076 
4106 1639 720 1996 
4107 1580 1114 2011 
4108 1238 1552 2075 
4109 1322 1739 1984 
4110 1305 1124 2057 
4111 1249 1793 2083 
4112 1606 1648 1927 
4113 1215 1875 2076 
4114 43 269 1969 
4115 1875 1133 2076 
4116 1729 500 2071 
4117 303 788 1800 
4118 1624 1193 1903 
4119 1006 1614 2020 
4120 1675 1858 1896 
4121 1869 1119 2001 
4122 1860 1349 1935 
4123 1623 20 1916 
4124 267 1670 1671 
4125 1162 1889 1908 
4126 1548 1742 2049 
4127 1607 1032 2063 
4128 1255 1936 1985 
4129 1601 1342 2073 
4130 1730 1731 1974 
4131 1138 1878 1944 
4132 1752 1090 1864 
4133 1283 1282 2068 
4134 1708 1331 2002 
4135 1682 273 1683 
4136 1085 1804 1876 
4137 1760 710 1866 
4138 63 64 242 
4139 2062 307 2082 
4140 538 1606 1927 
4141 1092 1505 2090 
4142 30 31 282 
4143 735 1774 2024 
4144 1856 1283 1937 
4145 121 122 290 
4146 20 1623 1777 
4147 1849 1247 1958 
4148 124 125 2027 
4149 1878 657 1944 
4150 1780 1944 2032 
4151 847 1832 1971 
4152 2014 123 2027 
4153 877 617 2040 
4154 1849 802 1957 
4155 1320 1772 1976 
4156 1194 1734 1966 
4157 1132 1831 2045 
4158 272 1903 1961 
4159 1813 1321 2079 
4160 1558 1884 1960 
4161 1124 1734 2022 
4162 1614 1725 2020 
4163 1819 1760 1866 
4164 689 1581 2088 
4165 1700 692 1823 
4166 1793 1794 2083 
4167 302 1920 2031 
4168 101 102 289 
4169 496 1685 2033 
4170 1771 263 2047 
4171 1754 1109 2026 
4172 1907 582 2097 
4173 1882 877 2064 
4174 235 1242 2039 
4175 1723 1730 1974 
4176 1333 2039 2094 
4177 1982 1121 1993 
4178 904 1805 2031 
4179 1852 863 2019 
4180 288 1951 1977 
4181 1603 827 1968 
4182 827 897 1968 
4183 3 1095 1920 
4184 1419 1982 1993 
4185 225 1904 2028 
4186 239 1895 1986 
4187 1307 1672 1812 
4188 927 1775 2023 
4189 2039 1242 2094 
4190 1789 1092 2090 
4191 1358 2003 2091 
4192 1875 1723 1974 
4193 267 149 1670 
4194 1858 1153 2032 
4195 126 127 1057 
4196 1124 2022 2057 
4197 1112 1850 2077 
4198 251 104 1987 
4199 1857 735 1925 
4200 1644 245 2080 
4201 1937 1283 2068 
4202 910 1964 2074 
4203 302 1805 1963 
4204 1992 1543 2025 
4205 1805 302 2031 
4206 1085 1876 2059 
4207 1401 1869 2001 
4208 1101 1688 2085 
4209 1885 1959 2091 
4210 6 303 1800 
4211 148 267 1699 
4212 1194 1966 2074 
4213 103 104 251 
4214 1775 1894 2023 
4215 1147 1781 1837 
4216 1935 1349 1995 
4217 1964 1678 2074 
4218 128 129 246 
4219 1740 1031 2094 
4220 1888 1169 1981 
4221 778 1846 2077 
4222 1936 762 1985 
4223 1894 1268 2023 
4224 1618 1952 2056 
4225 231 1940 2007 
4226 1833 901 2093 
4227 92 93 1066 
4228 1864 1090 2052 
4229 49 50 926 
4230 1017 1862 1981 
4231 538 1927 2084 
4232 386 1945 2043 
4233 130 131 283 
4234 1175 1992 2025 
4235 2022 1737 2057 
4236 1891 1433 2101 
4237 1959 1358 2091 
4238 500 2026 2071 
4239 1803 1380 2085 
4240 1089 1588 2096 
4241 1272 1789 2090 
4242 1944 657 2032 
4243 77 78 1038 
4244 1914 1152 2067 
4245 43 44 269 
4246 589 1875 1974 
4247 90 91 1260 
4248 1078 1891 2101 
4249 291 15 1843 
4250 1262 1907 2097 
4251 1903 1193 1961 
4252 1572 1937 2068 
4253 2026 1540 2071 
4254 10 11 245 
4255 777 1986 2058 
4256 1134 2014 2027 
4257 926 52 1798 
4258 82 83 308 
4259 14 15 291 
4260 150 151 284 
4261 51 52 926 
4262 12 13 291 
4263 5 6 1800 
4264 132 133 235 
4265 148 149 267 
4266 18 19 1898 
4267 40 41 232 
4268 178 3 1920 
4269 6 7 303 
4270 9 10 1644 
4271 11 12 1236 
4272 15 1683 1843 
4273 16 1682 1683 
4274 1017 18 1862 
4275 20 21 1916 
4276 21 1713 1916 
4277 22 23 1222 
4278 25 26 1926 
4279 26 27 2036 
4280 1926 26 1998 
4281 31 32 1811 
4282 32 1079 1811 
4283 33 34 1622 
4284 34 35 1887 
4285 882 36 1414 
4286 38 39 1256 
4287 44 45 1415 
4288 48 49 2018 
4289 49 255 2018 
4290 52 53 1798 
4291 1798 53 1826 
4292 54 55 2028 
4293 58 873 1881 
4294 62 63 1883 
4295 64 65 1743 
4296 73 74 239 
4297 83 84 228 
4298 85 86 276 
4299 89 90 1948 
4300 91 92 277 
4301 95 96 94 
4302 102 103 1282 
4303 104 105 1987 
4304 110 111 1250 
4305 1119 113 2001 
4306 122 123 1097 
4307 125 126 253 
4308 127 128 1263 
4309 129 130 1274 
4310 131 132 1332 
4311 137 138 244 
4312 140 141 301 
4313 147 148 1699 
4314 149 150 1670 
4315 4 5 1801 
4316 1095 4 1801 
4317 15 16 1683 
4318 17 18 1017 
4319 28 29 240 
4320 36 37 1414 
4321 46 47 1835 
4322 50 51 926 
4323 55 225 2028 
4324 57 58 1881 
4325 1156 57 1881 
4326 60 61 1190 
4327 616 60 1190 
4328 1115 62 1883 
4329 66 67 1763 
4330 1028 66 1763 
4331 68 69 1206 
4332 71 72 1154 
4333 76 77 266 
4334 79 80 1039 
4335 80 81 285 
4336 285 81 1928 
4337 93 94 230 
4338 99 100 234 
4339 840 110 1250 
4340 113 114 2001 
4341 117 118 292 
4342 1097 123 2014 
4343 125 253 2027 
4344 134 135 1164 
4345 139 140 1653 
4346 151 152 284 
4347 152 153 1672 
4348 284 152 1672 
4349 153 154 1812 
4350 1672 153 1812 
4351 154 179 1812 
4352 1713 265 1916 
4353 295 1798 1826 
4354 842 841 910 
4355 1207 1206 1930 
4356 1905 1333 2094 
$EndElements
